"player_id","HT","TC","EXP","REF","AGG","INJ"
1,1,5,11,0.55,12.1572240463553,0.647091315795097
2,0,2,6,0.4,-6.25439268089727,0.343875469198893
3,1,3,5,0.2,8.11568023925748,0.586784152623796
4,0,3,2,0.95,-10.2177540839635,0.29836373692496
5,0,0,5,0.34,-3.86628008612731,0.703251153695429
6,1,2,6,0.74,3.26320911549926,0.52398704727502
7,1,1,14,0.81,0.375071216712692,0.374383081208805
8,1,0,9,0.76,-5.55669250609033,0.222505593525689
9,1,5,1,0.85,13.9899748326535,0.850770479590241
10,1,0,1,0.05,0.080520002844878,0.727842075328681
11,1,3,12,0.78,4.75924641314953,0.50002304838727
12,1,4,11,0.74,6.26204838054516,0.719613729930243
13,1,0,4,0.56,5.27854798245798,0.77800539181327
14,1,0,11,0.91,-7.17543551152044,0.0959829043157372
15,0,2,12,0.46,-7.19855838966795,0.48596045533386
16,0,5,6,0.71,1.22538293885873,0.37559091540208
17,1,2,1,0.12,13.2902707925829,0.991779737404991
18,0,3,14,0.02,-4.47919499718074,0.696328224201297
19,1,2,14,0.54,1.34820233755545,0.495167593327002
20,1,5,2,0.12,20.0872690683356,0.876594021700329
21,1,2,8,0.13,7.50150090562335,0.641668275071038
22,0,0,14,0.61,-8.5371994147495,0.32222710267748
23,1,2,4,0.19,6.65679293428075,0.679914850042795
24,0,3,10,0.96,-12.3610561165428,0.247761815204909
25,0,4,15,0.74,-3.502833513806,0.413357992099461
26,1,0,9,0.19,4.19780937116454,0.550186588365133
27,1,5,1,0.85,10.4371244876523,0.489292782872466
28,1,3,11,0.81,0.939355650750203,0.323389997524049
29,0,5,14,0.79,-4.80924003734427,0.35415121248929
30,0,1,14,0.31,-6.28045367368796,0.354458594246575
31,1,4,3,0.53,10.1542367242499,0.778385643577557
32,0,4,15,0.48,-5.16712381122028,0.471125127523706
33,1,4,12,0.81,8.04481981554009,0.599151518301714
34,0,2,10,0.44,-6.66437855476691,0.524654386433916
35,1,4,15,0.2,8.38405378656974,0.534262644278789
36,0,4,6,0.07,3.28179425501249,0.631535764279496
37,0,5,7,0.08,6.47433242312395,0.903181180218555
38,1,3,12,0.83,0.706439285811833,0.221521822566396
39,0,1,1,0.89,-5.91058531014192,0.382244000748552
40,1,1,4,0.81,6.00937358375522,0.709130008923142
41,1,1,5,0.6,4.99451000213879,0.62727766577692
42,1,5,10,0.73,3.59707609087946,0.501599378092373
43,0,4,12,0.74,-2.25062718794191,0.387037562147138
44,1,2,8,0.74,0.272086808558786,0.449549428949317
45,1,0,7,0.05,7.39628292018039,0.603557691616554
46,0,1,10,0.11,-1.31287346337211,0.685673947401115
47,0,0,13,0.57,-10.7356654603835,0.428653511193561
48,0,2,13,0.81,-10.8362325133204,0.346975749238089
49,0,0,10,0.91,-12.6856684489908,0.256943664493939
50,0,2,9,0.79,-13.1611117675571,0.264360947805099
51,0,5,1,0.93,3.22404445359356,0.609689474545843
52,0,5,8,0.72,-1.89292509494292,0.703635239946311
53,1,0,15,0.83,-3.17357856419276,0.388345996997277
54,0,2,10,0.43,-5.27048494858612,0.438819891186773
55,1,3,7,0.32,9.49781381854759,0.720400958260922
56,1,3,7,0.1,12.4654821847266,0.660512977745536
57,0,5,6,0.99,-4.88086906661854,0.434830047592204
58,0,3,8,0.89,-7.10970214440953,0.186366001289503
59,0,2,10,0.11,-2.29172324463645,0.647335524074418
60,1,5,10,0.6,12.6759071527301,0.79216321342374
61,1,0,5,0.37,4.51879570772147,0.36116970730568
62,0,3,2,0.24,-1.0409499773554,0.35187555917274
63,0,3,8,0.81,-2.25052470291955,0.259087531750388
64,0,4,1,0.6,6.11729492553532,0.747803548874222
65,1,3,4,0.66,5.44118544429932,0.62286741282483
66,1,3,8,0.73,3.70301317282398,0.622219841081263
67,0,2,4,0.84,-5.05863418376261,0.533759915409562
68,0,4,6,0.27,2.29561902194346,0.474065187934023
69,0,2,1,0.75,-4.00759990269803,0.465611982295074
70,1,0,13,0.5,2.85762855990168,0.44853601547886
71,1,4,4,0.48,11.1637653534935,0.54585905946879
72,1,4,4,0.5,13.9963530148795,0.928907204293515
73,0,2,2,0.34,-0.232354335013311,0.874755565751476
74,1,5,4,0.96,5.48482504580488,0.681975940992315
75,1,1,4,0.08,8.97340802227792,0.762285116230713
76,0,4,13,0.01,3.00181661787335,0.706907345552202
77,0,4,15,0.02,1.96852150114559,0.392905452123003
78,0,5,7,0.1,4.93667485627186,0.843808116037684
79,0,3,15,0.85,-7.19160812683382,0
80,0,4,15,0.18,-2.03024085503939,0.588161758615026
81,1,4,15,0.35,8.70508875701477,0.658423448948017
82,1,2,10,0.27,2.22248838645619,0.442391939325931
83,1,3,3,0.11,11.7408577579326,0.713144433088165
84,1,3,1,0.74,6.36825545483017,0.585309587703861
85,1,1,13,0.75,2.61626264688197,0.246205769009366
86,0,2,6,0.63,-9.61181326635444,0.530908018116998
87,1,3,4,0.45,8.30911316692855,0.571298050991442
88,1,2,11,0.67,0.587761225823834,0.562348218431149
89,1,3,13,0.66,-1.57379842747547,0.639926051480334
90,0,1,15,0.59,-13.4360564652041,0.292302198127265
91,1,5,2,0.87,11.5186264047015,0.772065921696787
92,0,4,7,0.11,4.54063256771148,0.488812321597138
93,0,1,15,0.17,-3.7265394306941,0.236594931899431
94,1,2,14,0.23,1.94940951226323,0.316790921815235
95,1,2,10,0.07,8.27378706943554,0.600735837498244
96,0,2,13,0.18,0.64797816362938,0.706120436305212
97,1,0,3,0.77,2.5783534510529,0.527873378605486
98,0,3,4,0.53,0.743223943004859,0.621509730207809
99,1,3,4,0.99,4.08783273946567,0.344908894013396
100,1,2,14,0.97,-4.53793753426091,0.157725927640261
101,1,5,7,0.77,5.21575967150163,0.489574774372534
102,0,2,11,0.64,-5.10178192153106,0.436184104274893
103,0,2,10,0.37,-3.87099881345016,0.578985658002721
104,1,5,13,0.18,9.24057361117483,0.766252934174685
105,0,0,9,0.49,-7.80826874009841,0.351470842501217
106,0,5,2,0.04,6.87422644562124,0.867524502367811
107,1,3,5,0.36,8.61981060993156,0.602693065006457
108,1,5,10,1,3.8673122059073,0.316112876444258
109,1,2,14,0.78,-0.520729508307159,0.348186176791825
110,0,1,12,0.86,-14.3131502083132,0.367801769943898
111,1,3,3,0.64,5.53930210852342,0.551913264965631
112,0,5,9,0.05,-2.79155706025428,0.583863916165121
113,0,2,15,0.21,-3.41803756413414,0.311656474564099
114,1,3,14,0.18,6.3886672827227,0.5046273859416
115,0,2,12,0.78,-8.43000662213565,0.416546759951674
116,0,3,14,0.55,-11.9000994009456,0.343870859700898
117,0,5,12,0.48,0.623084078164871,0.533333672533643
118,1,2,12,0.73,-5.55108741621954,0.268187647342307
119,0,2,15,0.58,-9.90445483491356,0.378276750308144
120,1,3,2,0.52,9.51541943133413,0.761582732181183
121,1,2,8,0.74,6.02006956456836,0.424479302750185
122,1,4,7,0.61,6.9554819841891,0.616807039695536
123,0,2,6,0.61,-11.1137729976347,0.37310803914301
124,0,5,15,0.71,-11.7879337886959,0.356771074511942
125,1,3,3,0.03,14.7578349316251,0.665455085998949
126,0,1,3,0.38,-5.35954243202966,0.471552519674701
127,0,2,12,0.04,-3.20169489180923,0.423700993978017
128,1,4,6,0.97,-0.0816457021264263,0.383330657936034
129,1,4,7,0.47,4.36408446177514,0.348883090516514
130,1,1,14,0.84,-6.83623623522591,0.241625001002601
131,0,1,4,0.41,1.166639117843,0.63933302466642
132,0,1,1,0.45,-7.05242479370873,0.614712123130468
133,1,2,8,0.53,10.0479867428401,0.504248668973377
134,0,2,15,0.33,-8.02991164042231,0.426749011150536
135,1,1,7,0.65,0.393708120199968,0.59823867369154
136,0,2,11,0.59,-4.18938700784634,0.456613036651536
137,0,2,13,0.23,-3.30298655183367,0.725120599885355
138,1,5,14,0.55,7.25961745793321,0.703051525698697
139,1,3,14,0.03,9.46205770746155,0.548861453395965
140,0,2,8,0.78,-4.87076806171381,0.443394169828402
141,0,3,12,0.16,-4.49555854275881,0.373058640732326
142,0,3,10,0.81,-6.09407461837317,0.480950462418803
143,0,2,14,0.96,-15.3192976882567,0.0200693752924395
144,1,2,2,0.19,16.4745214473134,1
145,1,1,1,0.24,12.1226053574144,0.714594275075062
146,0,3,14,0.29,-2.65542092240383,0.561088854085665
147,0,1,6,0.24,-2.19880714500233,0.421185365395196
148,1,1,2,0.17,17.3943691825387,0.856435795922981
149,0,2,2,0.64,-1.77965104742046,0.288755386126661
150,0,4,8,0.13,0.947148843136001,0.732806573353047
151,1,3,1,0.75,6.93259658152835,0.673728669847134
152,1,1,10,0.28,3.70146975934339,0.424044368757446
153,0,2,5,0.26,-6.91668313065925,0.531212990825244
154,1,2,2,0.9,1.12756993835472,0.400911125052665
155,0,3,8,0.13,2.80999471535669,0.675139776011792
156,0,5,6,0.89,-4.04805950377525,0.436268460216564
157,0,4,14,0.75,-7.90944682384566,0.366484154158811
158,1,5,5,0.06,13.4877656519441,0.620009510275189
159,0,5,6,0.73,1.4954805686223,0.36086581526915
160,0,2,14,0.53,-7.27592175669284,0.221527869614174
161,0,2,2,0.81,-6.58126795420191,0.484708458719649
162,0,3,8,0.38,-1.1032674371391,0.520291655312682
163,0,2,9,0.01,4.5826936426092,0.762817514090521
164,1,1,13,0.74,-3.34783915638303,0.406581668232468
165,0,2,5,0.4,1.68339781599343,0.648743614137416
166,0,2,1,0.92,-5.66380857909943,0.519171244516139
167,1,4,4,0.17,13.8522792050804,0.849427435763486
168,1,1,12,0.26,3.85693857322392,0.586856135500576
169,0,4,4,0.48,2.5778690052347,0.558931744953782
170,0,0,7,0.92,-13.3878437472108,0.223480803114349
171,1,5,3,0.76,10.5968597758739,0.759187480125302
172,1,4,15,0.64,4.18276877235055,0.490413015494969
173,0,2,2,0.75,-4.69519446499224,0.364679756101145
174,0,2,12,0.14,-1.04497793665259,0.451554939583885
175,0,1,1,0.5,-3.79566470365634,0.498271276649371
176,1,4,10,0.46,7.1845848204459,0.513325574333246
177,1,2,14,0.54,-1.07186416123671,0.460976532532386
178,1,0,14,0.13,0.95771140439226,0.355524596489538
179,0,3,13,0.26,-1.54708904628179,0.405051040116925
180,0,0,15,0.65,-14.3095635059557,0.20065179655258
181,1,1,2,0.76,7.50014750271559,0.58662294352335
182,0,3,3,0.01,3.81154705841848,0.607979695898163
183,1,4,11,0.37,12.3229462774056,0.746788586888574
184,1,2,3,0.7,5.55632794707101,0.578889816341824
185,1,4,10,0.2,11.0961911313887,0.802743109597783
186,1,2,2,0.02,16.8342412843662,0.84551606233992
187,0,3,6,0.04,8.4711982229146,0.691523039754134
188,1,4,15,0.33,4.84195527833844,0.438103041850164
189,1,1,14,0.82,-2.99029604620673,0.152673813245657
190,1,3,3,0.65,4.90100020941312,0.654155342953615
191,0,2,8,0.19,-0.69889571756103,0.724000889466492
192,1,2,8,0.09,6.45198121539972,0.807174822110867
193,1,3,4,0.03,9.80014709887657,0.654268638391874
194,1,3,14,0.97,-5.0629940248395,0.241667521977954
195,0,2,6,0.11,0.813925011799757,0.825910880335557
196,0,4,13,0.37,4.09051457449495,0.632623582842733
197,0,3,2,0.81,-5.10618133147448,0.246293205903378
198,1,2,12,0.09,8.61458016240318,0.581015335307114
199,0,5,7,0.4,2.77035899487082,0.361182597210743
200,1,0,15,0.82,-4.19781962250583,0.41200277545501
201,1,1,9,0.84,-4.12811532839912,0.180073488822686
202,1,1,7,0.63,-0.0217942771482122,0.601122760466979
203,1,2,4,0.71,6.00574097132301,0.525842577257452
204,1,2,9,0.84,-2.48495117811795,0.131050528427716
205,1,1,15,0.18,1.67500318449516,0.289126246608823
206,0,5,15,0.42,-7.36120026627868,0.449034793130133
207,0,1,10,0.5,-9.64151034391788,0.382665911895067
208,1,2,11,0.63,4.05136798126069,0.292976963370269
209,1,5,2,0.55,20.1502247307453,0.914337637121846
210,1,3,12,0.88,1.23876696583954,0.449962952194301
211,1,5,14,0.24,3.32460677291901,0.614735076433419
212,1,2,4,0.1,14.1759666013407,0.961335277002137
213,1,5,5,0.08,14.0130332239951,0.764417527000468
214,0,2,11,0.79,-12.5584118664657,0.2659499218284
215,1,5,7,0.58,12.7536691306499,0.75281284842421
216,1,0,4,0.85,2.42822007802412,0.589410472384992
217,1,4,15,0.77,3.63082207500026,0.441302112464558
218,1,0,3,0.72,-1.98116886809999,0.443204436161968
219,1,3,14,0.47,3.83006605820574,0.523007001607032
220,0,3,3,0.66,-3.33835342920027,0.510043390104303
221,0,4,8,0.64,-3.67188870199074,0.253241526613389
222,1,1,7,0.48,5.16991916766929,0.556763451409671
223,1,1,8,0.81,-5.33097848189079,0.312102648854331
224,1,5,9,0.16,17.7864454590366,0.69660958893478
225,1,2,3,0.76,6.68571446875702,0.537559368456672
226,0,5,13,0.07,1.94248324234812,0.605548500266928
227,0,2,2,0.93,-4.70968283067225,0.359375472210752
228,1,3,2,0.23,11.9826846512024,0.627318760310127
229,1,3,8,0.77,2.33640641584019,0.66100841680414
230,0,0,7,0.63,-10.6632648074859,0.391802632251332
231,1,0,6,0.73,-6.60846897012677,0.306091873001561
232,1,2,13,0.77,4.1618399963739,0.362993480471165
233,1,3,3,0.45,11.1983913796328,0.542110225154438
234,0,3,8,0.9,-4.38723885524348,0.47319763827588
235,1,5,14,0.42,10.7508525554573,0.705456009055665
236,1,4,9,0.44,9.27749594588894,0.707155395144266
237,1,2,7,0.7,0.872693924730154,0.619437062592917
238,1,4,3,0.3,19.2607530236816,0.941289583806492
239,0,2,15,0.83,-14.8494294294794,0.156683328836758
240,1,3,2,0.5,8.35918459645306,0.843459197351091
241,0,3,4,0.61,0.291174640783963,0.600330378600726
242,1,5,11,0.73,4.97909840998745,0.499998721068837
243,1,2,14,0.26,3.26455615846767,0.746722443831865
244,1,3,4,0.49,10.3798970914603,0.373900523884627
245,1,3,5,0.34,11.8097818884276,0.888884284045222
246,1,5,9,0.71,10.7964600441881,0.683390627181623
247,0,3,1,0.33,2.94274651638208,0.632249605386082
248,0,4,3,0.93,2.75303518874969,0.562089319868182
249,1,4,11,0.88,2.79526955325104,0.406153749268331
250,0,2,7,0.41,-4.04801775582873,0.646048443725643
251,1,2,4,0.67,1.38879874032472,0.548902006584925
252,1,2,1,0.13,12.3502585277852,0.739591603057041
253,0,2,7,0.49,-4.0491109115626,0.418939433155077
254,1,1,15,0.57,-8.26557053408294,0.323681096353202
255,1,4,11,0.09,14.0099040704914,0.964400275126905
256,0,1,10,0.34,-7.22863532145894,0.360888543902132
257,1,3,13,0.61,0.104843919561563,0.412744635439716
258,1,3,7,0.93,-1.7864650752306,0.0632798263722745
259,1,0,6,0.16,4.66063341726162,0.755221051086352
260,1,0,6,0.15,3.82942477889493,0.594816114857385
261,0,0,2,0.48,1.47031585536641,0.670550046422613
262,1,2,5,0.14,9.50729653799003,0.934324161942819
263,1,2,7,0.93,2.43336954980328,0.335799460960878
264,1,3,8,0.03,14.5356669562038,0.656848876697263
265,1,4,12,0.02,14.1764513305748,0.712336158884498
266,0,3,6,0.77,-7.33531663773542,0.4352944541646
267,0,4,14,0.16,-5.14307997966101,0.394146969500761
268,1,4,14,0.76,0.157055495601908,0.460257192658663
269,1,5,10,0.74,4.95904267282358,0.394941812443061
270,0,2,7,0.49,-4.85679384065915,0.403809185836848
271,0,2,7,0.98,-8.99756059759428,0.388680297038979
272,0,0,13,0.79,-14.578220442434,0.304809783326761
273,1,2,4,0.93,-0.402824284395281,0.582559384459109
274,1,3,4,0.17,13.7732734685546,0.755069977486804
275,0,4,4,0.57,2.36047937508419,0.54859526119898
276,1,2,14,0.34,5.78233347887593,0.619255826113908
277,1,3,5,0.6,6.57373264695372,0.500891029223292
278,0,4,7,0.49,2.58707919040693,0.696612831181068
279,0,3,9,0.7,-6.58742620405244,0.296436748277404
280,0,1,9,0.07,-2.09965604062681,0.605659174778167
281,1,0,9,0.71,-1.06888637506834,0.515736919613276
282,1,1,11,0.4,0.950483278525232,0.402733901460563
283,0,2,2,1,-5.23135837918317,0.571598389143861
284,0,5,6,0.15,4.50773173086769,0.788658640710344
285,1,3,3,0.44,4.86346166336735,0.677734140010333
286,1,3,8,0.63,7.17913295648438,0.480619124731198
287,1,4,11,0.76,1.48747325526813,0.416000552089662
288,1,0,3,0.11,8.82028564667919,0.799046308104498
289,0,2,14,0.08,-3.63200302326724,0.553599472199643
290,1,0,9,0.24,8.50777706370975,0.687120458171051
291,1,5,9,0.51,12.784571032021,0.474304621754177
292,1,1,3,0.01,11.8357404220795,0.516667813994091
293,0,2,4,0.48,-2.8665458059486,0.549250284551678
294,1,3,10,0.26,5.60386017128054,0.576684037456235
295,1,3,8,0.17,9.20014977565496,0.805565345178263
296,1,3,14,0.6,1.36749627977682,0.426930035265028
297,0,2,12,0.89,-9.34439979803737,0.30371838739591
298,0,2,12,0.19,-3.61700556987769,0.688582938724754
299,1,5,9,0.67,8.86613525729674,0.76586660987585
300,0,4,2,0.7,2.08230046018813,0.502045945357233
