"nfldraftyear","team2","draft_round","draft_pkoverall","real_capvalue","position","age","g","gs","cpi"
2015,"Detroit Lions",2,54,755666.425948592,"RB",22,16,9,237
2007,"Philadelphia Eagles",2,57,484941.33878825,"DL",21,6,1,207.3
2003,"San Francisco 49ers",2,57,454037.03370053,"DL",23,14,1,184
2014,"Green Bay Packers",2,53,715113.63627907,"WR",22,16,11,236.7
2007,"Tampa Bay Buccaneers",1,4,2384711.45324357,"DL",24,16,8,207.3
2017,"New York Jets",1,6,4047038,"DB",22,16,16,245.1
2012,"Pittsburgh Steelers",2,56,644369.449204406,"OL",22,10,6,229.6
2017,"Green Bay Packers",3,93,666194,"DL",22,7,0,245.1
2006,"Indianapolis Colts",1,30,1075087.72582619,"RB",23,16,0,201.6
2015,"Philadelphia Eagles",1,20,1704993.85801714,"WR",22,13,12,237
2016,"Tampa Bay Buccaneers",2,59,736868.670746634,"PK",22,16,0,240
2007,"Detroit Lions",2,58,494940.117246022,"DL",23,6,0,207.3
2008,"Kansas City Chiefs",1,15,4799074.77192983,"OL",24,15,15,215.3
2007,"Detroit Lions",2,61,479941.949559364,"DB",23,16,16,207.3
2016,"Minnesota Vikings",2,54,784824.17625459,"DB",23,13,0,240
2007,"New York Giants",3,81,464443.817576499,"DL",24,16,0,207.3
2013,"Atlanta Falcons",2,60,618600.626438188,"DB",25,16,4,233
2007,"New Orleans Saints",3,88,447945.824663403,"OL",23,0,0,207.3
2009,"Minnesota Vikings",3,86,491330.313157895,"DB",21,10,1,214.5
2012,"Indianapolis Colts",3,64,565886.951448388,"TE",22,16,16,229.6
2002,"New Orleans Saints",3,82,385364.465267238,"LB",23,14,1,179.9
2006,"Miami Dolphins",1,16,1306281.55299878,"DB",23,16,0,201.6
2012,"Kansas City Chiefs",2,44,844421.971342309,"OL",22,16,13,229.6
2017,"Washington Redskins",1,17,2032726,"DL",22,5,5,245.1
2013,"Los Angeles Chargers",3,76,558598.667972256,"WR",21,15,14,233
2013,"Buffalo Bills",2,46,782099.1125255,"LB",23,16,16,233
2006,"Los Angeles Rams",3,77,458370.369253366,"LB",23,3,0,201.6
2014,"New York Jets",2,49,780489.036719706,"TE",22,14,4,236.7
2013,"Washington Redskins",2,51,700350.373317013,"DB",22,16,8,233
2011,"New York Giants",1,19,1487299.48580171,"DB",22,7,0,224.9
2015,"Indianapolis Colts",3,93,533365.251040392,"DL",24,9,9,237
2006,"Carolina Panthers",3,88,437435.652778458,"LB",23,16,2,201.6
2007,"Atlanta Falcons",1,8,1954763.55667075,"DL",21,16,16,207.3
2002,"Green Bay Packers",3,92,363862.679277846,"DB",23,14,11,179.9
2017,"Washington Redskins",2,49,968131,"LB",23,14,0,245.1
2004,"Buffalo Bills",3,74,407366.24881273,"DL",24,3,0,188.9
2004,"Philadelphia Eagles",1,16,1221765.6627907,"OL",22,1,1,188.9
2012,"Jacksonville Jaguars",3,70,555684.870762954,"PK",24,16,0,229.6
2013,"Detroit Lions",1,5,3381717.89065687,"DL",24,14,12,233
2015,"New Orleans Saints",1,31,1405779.85924113,"LB",23,16,16,237
2017,"New Orleans Saints",3,76,591677,"LB",23,4,4,245.1
2016,"New York Giants",1,10,2755111.38310894,"DB",21,14,11,240
2014,"Pittsburgh Steelers",3,97,546465.494687882,"RB",23,12,0,236.7
2015,"San Francisco 49ers",1,17,1789586.70991432,"DL",22,16,0,237
2013,"New Orleans Saints",3,75,559507.890820073,"OL",23,6,2,233
2005,"Arizona Cardinals",2,44,765999.460758874,"RB",22,15,5,195.3
2003,"New York Jets",3,85,375030.601713586,"RB",23,16,0,184
2003,"Oakland Raiders",1,31,936742.423500612,"DB",22,15,1,184
2005,"Los Angeles Rams",3,66,427084.836829865,"DB",24,12,0,195.3
2014,"Los Angeles Chargers",2,50,764146.200624235,"LB",21,11,0,236.7
2011,"New York Giants",2,52,686446.00122399,"DL",22,0,0,224.9
2013,"Los Angeles Rams",1,8,2318981.02978376,"WR",22,13,3,233
2008,"Los Angeles Rams",2,33,821055.580126479,"WR",24,15,12,215.3
2008,"Detroit Lions",3,92,456363.890750714,"DL",22,15,4,215.3
2017,"Dallas Cowboys",2,60,778834,"DB",22,10,6,245.1
2011,"Tennessee Titans",2,39,895648.770346797,"LB",22,16,16,224.9
2009,"Denver Broncos",1,18,1369875.50122399,"DL",24,15,1,214.5
2002,"Jacksonville Jaguars",3,89,367695.995230518,"LB",23,16,3,179.9
2005,"San Francisco 49ers",2,33,835068.138433293,"OL",24,13,5,195.3
2004,"Houston Texans",1,27,972748.372664219,"LB",24,16,16,188.9
2005,"Atlanta Falcons",2,59,517542.211138311,"DL",24,16,6,195.3
2011,"Kansas City Chiefs",3,86,513938.828180335,"DL",22,16,0,224.9
2003,"Detroit Lions",2,34,760062.035087719,"LB",24,16,16,184
2013,"Los Angeles Rams",3,92,536992.875520196,"WR",23,16,2,233
2017,"Arizona Cardinals",2,36,1241819,"DB",21,16,7,245.1
2002,"New York Jets",3,88,370030.18121583,"TE",23,12,1,179.9
2008,"Atlanta Falcons",1,21,1255084.89363525,"OL",23,8,5,215.3
2011,"Kansas City Chiefs",1,26,1372892.00244798,"WR",22,11,3,224.9
2013,"Denver Broncos",2,58,630045.641574867,"RB",23,16,0,233
2008,"San Francisco 49ers",1,29,1113075.3502244,"DL",22,16,0,215.3
2013,"Tampa Bay Buccaneers",2,43,859559.729620563,"DB",24,16,16,233
2009,"New York Giants",3,85,492744.175336597,"WR",23,3,0,214.5
2011,"Oakland Raiders",3,92,509903.171562628,"OL",23,16,0,224.9
2017,"Philadelphia Eagles",1,14,2336504,"DL",21,15,0,245.1
2009,"Washington Redskins",3,80,505579.002937577,"DB",23,4,0,214.5
2005,"Jacksonville Jaguars",2,52,517042.160269278,"OL",23,13,12,195.3
2003,"Green Bay Packers",1,29,833638.988168095,"LB",22,15,15,184
2005,"Los Angeles Rams",1,19,1230100.35679315,"OL",23,12,11,195.3
2014,"Minnesota Vikings",1,9,2316836.98310893,"LB",22,12,12,236.7
2012,"Tampa Bay Buccaneers",1,7,2630556.52060384,"DB",23,16,16,229.6
2005,"Los Angeles Rams",2,50,665804.321676867,"DB",23,10,7,195.3
2009,"Houston Texans",2,46,662439.789902081,"DL",23,16,0,214.5
2017,"Indianapolis Colts",3,80,673964,"LB",23,15,0,245.1
2003,"Kansas City Chiefs",3,92,331277.045777234,"DB",22,14,0,184
2002,"Washington Redskins",3,79,389864.805793554,"DB",23,16,1,179.9
2007,"Carolina Panthers",1,25,1089868.12056304,"LB",22,16,16,207.3
2015,"Atlanta Falcons",1,8,2635521.99755202,"DL",23,16,16,237
2017,"San Francisco 49ers",3,104,641572,"QB",24,7,5,245.1
2009,"New York Giants",2,60,539950.917013464,"OL",24,16,4,214.5
2007,"Miami Dolphins",2,40,695515.866842105,"QB",26,5,4,207.3
2005,"Atlanta Falcons",3,90,385031.416119951,"LB",22,0,0,195.3
2017,"Tampa Bay Buccaneers",3,107,641572,"LB",23,16,11,245.1
2014,"New York Giants",1,12,1891902.73255814,"WR",22,12,11,236.7
2009,"New York Giants",3,100,463207.875397797,"TE",22,15,2,214.5
2013,"Pittsburgh Steelers",2,48,749399.44002448,"RB",21,13,13,233
2004,"Denver Broncos",2,41,611382.873047736,"RB",23,14,0,188.9
2016,"New Orleans Saints",2,61,722273.870257038,"DB",22,16,13,240
2014,"Carolina Panthers",1,28,1393401.90954712,"WR",23,16,15,236.7
2008,"Chicago Bears",3,70,500242.874031008,"WR",21,10,0,215.3
2008,"Dallas Cowboys",2,61,500033.810791514,"TE",21,16,7,215.3
2005,"Chicago Bears",1,4,2470201.57160343,"RB",23,9,1,195.3
2012,"Detroit Lions",3,85,527334.807017544,"DB",23,4,3,229.6
2002,"New Orleans Saints",2,44,612550.002219502,"OL",23,14,14,179.9
2012,"New England Patriots",3,90,525006.54498572,"DL",23,3,0,229.6
2012,"Oakland Raiders",3,95,516559.663092615,"OL",26,9,1,229.6
2013,"Cincinnati Bengals",2,37,955407.231334149,"RB",22,16,0,233
2004,"Chicago Bears",3,78,398032.477078743,"WR",24,16,1,188.9
2002,"Washington Redskins",2,56,490039.966544268,"RB",23,11,0,179.9
2014,"Cleveland Browns",2,35,992966.060709914,"OL",23,16,16,236.7
2005,"Arizona Cardinals",3,95,376363.705703794,"LB",22,14,1,195.3
2012,"Jacksonville Jaguars",1,5,3366180.7755202,"WR",22,16,14,229.6
2007,"Tampa Bay Buccaneers",3,68,491190.575324357,"LB",23,15,0,207.3
2007,"Atlanta Falcons",2,39,707914.385960832,"OL",24,14,14,207.3
2003,"Arizona Cardinals",2,54,527543.051815585,"WR",23,16,16,184
2017,"Denver Broncos",1,20,2005800,"OL",25,16,16,245.1
2003,"Baltimore Ravens",1,19,1095089.4002448,"QB",22,11,9,184
2007,"Miami Dolphins",3,71,483691.491481028,"RB",23,7,1,207.3
2014,"San Francisco 49ers",3,77,574318.546707466,"LB",23,14,8,236.7
2014,"Jacksonville Jaguars",1,3,3755155.49412485,"QB",22,14,13,236.7
2016,"Los Angeles Chargers",1,3,4704552.75397797,"DL",21,12,11,240
2013,"Chicago Bears",2,50,716699.710485516,"LB",22,16,9,233
2004,"Seattle Seahawks",2,53,490040.010097919,"DB",23,16,4,188.9
2011,"Tampa Bay Buccaneers",2,51,700960.639816402,"DL",21,16,6,224.9
2007,"Kansas City Chiefs",1,23,1079869.34210526,"WR",23,16,15,207.3
2017,"Baltimore Ravens",2,47,1013747,"LB",22,16,0,245.1
2016,"Cincinnati Bengals",2,55,774398.58996328,"WR",22,16,2,240
2009,"New England Patriots",2,40,763930.513035496,"DL",23,9,2,214.5
2016,"Carolina Panthers",2,62,720189.777233782,"DB",23,13,13,240
2005,"Chicago Bears",2,39,690056.262925337,"WR",23,7,4,195.3
2007,"Philadelphia Eagles",3,87,449945.563439413,"LB",24,16,1,207.3
2007,"Arizona Cardinals",2,33,784905.064663403,"DL",23,11,0,207.3
2012,"Jacksonville Jaguars",2,38,925541.749685843,"DL",23,13,3,229.6
2002,"New England Patriots",2,65,430035.088559772,"WR",23,13,7,179.9
2003,"Oakland Raiders",1,32,922575.324357405,"DL",24,16,16,184
2009,"Dallas Cowboys",3,75,466357.603549572,"OL",23,0,0,214.5
2014,"Minnesota Vikings",1,32,1245276.28567931,"QB",22,13,12,236.7
2003,"Chicago Bears",3,68,397532.435414117,"LB",23,16,13,184
2016,"New England Patriots",3,91,530702.815177479,"QB",23,3,2,240
2009,"Jacksonville Jaguars",2,39,784928.610281518,"OL",22,15,15,214.5
2014,"Seattle Seahawks",2,64,628488.717870257,"OL",23,16,16,236.7
2009,"Tennessee Titans",1,30,1152897.15544676,"WR",21,16,6,214.5
2012,"Los Angeles Rams",1,14,1731458.56450428,"DL",22,13,12,229.6
2008,"Green Bay Packers",2,56,1080073.04887801,"QB",22,0,0,215.3
2014,"New York Giants",3,74,580928.106903305,"DL",22,8,0,236.7
2012,"Houston Texans",3,76,544417.627809058,"OL",23,6,0,229.6
2014,"Baltimore Ravens",3,79,557789.740318237,"DB",23,11,0,236.7
2013,"Baltimore Ravens",2,56,646395.986413709,"LB",23,14,0,233
2003,"Tennessee Titans",3,93,331277.045777234,"RB",22,11,0,184
2009,"Arizona Cardinals",2,63,548950.054039168,"LB",23,0,0,214.5
2011,"Pittsburgh Steelers",3,95,505253.595752754,"DB",23,12,0,224.9
2009,"Indianapolis Colts",1,27,1169893.58935129,"RB",22,11,1,214.5
2008,"Houston Texans",1,26,1134076.71889025,"OL",23,16,16,215.3
2009,"Carolina Panthers",2,43,694936.79369645,"DL",22,15,1,214.5
2015,"Los Angeles Rams",3,72,623710.134516524,"OL",22,9,9,237
2005,"New Orleans Saints",1,13,1470119.99302326,"OL",24,13,13,195.3
2014,"Arizona Cardinals",3,91,555685.843329253,"WR",24,16,5,236.7
2007,"Arizona Cardinals",1,5,2209732.57649939,"OL",23,13,11,207.3
2015,"New England Patriots",1,32,1384236.64626683,"DL",21,16,12,237
2014,"Buffalo Bills",3,73,581959.021835985,"LB",22,16,14,236.7
2005,"Philadelphia Eagles",2,35,758561.861456548,"WR",24,16,11,195.3
2005,"Miami Dolphins",1,2,2696754.98996328,"RB",24,15,14,195.3
2002,"Philadelphia Eagles",2,59,475038.758057936,"DB",23,16,0,179.9
2011,"Los Angeles Chargers",3,82,521469.151852305,"WR",22,14,4,224.9
2012,"Tennessee Titans",2,52,701584.616988984,"LB",23,16,14,229.6
2012,"Detroit Lions",2,54,668890.092207262,"WR",24,10,3,229.6
2002,"Dallas Cowboys",2,63,364314.726654427,"WR",21,16,15,179.9
2002,"Arizona Cardinals",1,12,1316272.37025704,"DL",22,14,4,179.9
2014,"Arizona Cardinals",1,27,1401574.28849449,"DB",22,16,9,236.7
2016,"San Francisco 49ers",1,7,3307626.43818849,"DL",22,15,15,240
2006,"Detroit Lions",2,40,681055.549571603,"DB",23,15,7,201.6
2016,"Chicago Bears",3,72,656664.440636475,"DL",23,14,1,240
2005,"New Orleans Saints",2,40,600048.939179927,"DB",22,16,13,195.3
2006,"Philadelphia Eagles",1,14,1316107.39388005,"DL",23,15,0,201.6
2003,"Minnesota Vikings",3,71,401365.76874745,"WR",22,16,9,184
2016,"Pittsburgh Steelers",1,25,1743905.50795594,"DB",21,16,9,240
2005,"Dallas Cowboys",2,42,610049.749388005,"LB",23,13,0,195.3
2006,"New Orleans Saints",1,2,2700220.20073439,"RB",21,16,8,201.6
2009,"New England Patriots",2,41,749931.784455324,"DB",23,14,5,214.5
2009,"Seattle Seahawks",3,91,480143.337392901,"WR",23,16,0,214.5
2006,"Carolina Panthers",3,89,434951.49003672,"OL",23,0,0,201.6
2016,"Carolina Panthers",1,30,1526719.11872705,"DL",22,10,0,240
2016,"Tennessee Titans",3,64,674300.367197062,"DB",23,16,7,240
2006,"Los Angeles Rams",3,93,430368.112802938,"TE",22,5,0,201.6
2009,"Buffalo Bills",2,42,739932.723867809,"DB",23,14,11,214.5
2008,"Cincinnati Bengals",3,97,445280.130799674,"WR",23,7,4,215.3
2009,"Houston Texans",3,77,511015.514626683,"OL",23,11,3,214.5
2002,"Los Angeles Chargers",2,48,565671.137621379,"WR",23,16,2,179.9
2006,"Detroit Lions",3,74,463287.813561811,"RB",22,7,0,201.6
2016,"Oakland Raiders",3,75,647566.952264382,"LB",24,10,0,240
2003,"Tennessee Titans",2,60,475038.775683395,"WR",23,14,2,184
2002,"Tennessee Titans",3,77,393365.09756018,"LB",23,13,1,179.9
2008,"Arizona Cardinals",2,50,595040.263390453,"DL",22,16,0,215.3
2005,"Washington Redskins",1,25,1078087.95238678,"QB",23,0,0,195.3
2015,"Jacksonville Jaguars",3,67,635405.248102815,"OL",24,14,13,237
2004,"Miami Dolphins",1,19,1120091.45165239,"OL",23,14,2,188.9
2011,"Chicago Bears",1,29,1282800.2372909,"OL",23,2,2,224.9
2008,"Seattle Seahawks",2,38,770052.108147695,"TE",24,16,9,215.3
2006,"Dallas Cowboys",1,18,1220099.48592411,"LB",23,13,1,201.6
2011,"Seattle Seahawks",1,25,1389236.47919217,"OL",22,9,9,224.9
2007,"Los Angeles Rams",1,13,1399830.67564259,"DL",23,16,16,207.3
2004,"Green Bay Packers",1,25,975079.603671971,"DB",21,14,11,188.9
2013,"San Francisco 49ers",2,40,899817.471521828,"DL",24,0,0,233
2002,"Houston Texans",1,1,2600212.1377805,"QB",23,16,16,179.9
2014,"Oakland Raiders",2,36,976622.268543452,"QB",23,16,16,236.7
2016,"Miami Dolphins",3,86,625129.801713586,"WR",22,14,2,240
2015,"Detroit Lions",3,80,552132.460097919,"DB",20,0,0,237
2011,"Dallas Cowboys",2,40,882573.014610363,"LB",23,10,0,224.9
2002,"New York Giants",2,46,575046.936964504,"WR",23,5,0,179.9
2011,"Tennessee Titans",3,77,529310.435789474,"DL",22,16,15,224.9
2008,"Los Angeles Chargers",1,27,1126076.18494492,"DB",22,16,3,215.3
2011,"Indianapolis Colts",1,22,1454611.54165647,"OL",23,12,12,224.9
2005,"Los Angeles Chargers",1,28,1030083.99326805,"DL",22,16,15,195.3
2008,"Kansas City Chiefs",3,73,495033.474879641,"RB",22,16,2,215.3
2017,"Dallas Cowboys",1,28,1823343,"DL",23,16,0,245.1
2008,"Detroit Lions",1,17,1380093.46711546,"OL",24,16,13,215.3
2006,"Baltimore Ravens",2,56,540044.073047736,"OL",23,11,4,201.6
2009,"New England Patriots",2,34,884919.53121175,"DB",22,16,1,214.5
2008,"Denver Broncos",1,12,1713115.92317421,"OL",22,16,16,215.3
2012,"Dallas Cowboys",1,6,2957500.7379845,"DB",22,15,15,229.6
2003,"Indianapolis Colts",1,24,949934.570379437,"TE",24,10,10,184
2015,"Seattle Seahawks",2,63,678592.720563036,"DL",22,15,0,237
2016,"Green Bay Packers",1,27,1702206.21787026,"DL",21,16,2,240
2016,"Indianapolis Colts",3,82,633466.222766218,"OL",23,8,3,240
2014,"Cincinnati Bengals",3,88,556305.840881273,"DL",23,7,0,236.7
2011,"Tampa Bay Buccaneers",1,20,1492621.01803346,"DL",23,16,16,224.9
2005,"Baltimore Ravens",1,22,1180096.30575275,"WR",23,14,10,195.3
2004,"Tampa Bay Buccaneers",1,15,1250102.0500612,"WR",22,16,13,188.9
2006,"New York Jets",2,49,677555.260318237,"QB",23,2,0,201.6
2014,"Green Bay Packers",1,21,1515984.21370869,"DB",22,16,10,236.7
2014,"Houston Texans",1,1,4049350.80293758,"LB",21,4,2,236.7
2015,"Pittsburgh Steelers",3,87,592883.822031824,"WR",22,7,0,237
2011,"Green Bay Packers",2,64,583477.458563852,"WR",21,15,0,224.9
2005,"Baltimore Ravens",2,53,570046.516523868,"DL",23,0,0,195.3
2005,"Detroit Lions",2,37,706057.611848225,"DL",22,16,2,195.3
2009,"Cincinnati Bengals",3,98,465462.645838433,"TE",22,0,0,214.5
2009,"San Francisco 49ers",3,74,517013.970807834,"RB",22,14,2,214.5
2004,"Carolina Panthers",2,62,468038.192807018,"WR",22,15,15,188.9
2004,"Pittsburgh Steelers",2,38,699507.065993472,"DB",22,16,0,188.9
2016,"Cleveland Browns",1,15,2119201.27294982,"WR",22,10,10,240
2016,"Cleveland Browns",3,76,646917.933904529,"OL",25,7,0,240
2015,"Atlanta Falcons",3,73,621317.111383109,"RB",22,12,3,237
2006,"Green Bay Packers",2,47,600048.96,"OL",24,16,15,201.6
2013,"New England Patriots",2,52,684000.028478172,"LB",23,16,8,233
2015,"Atlanta Falcons",2,42,986888.692778458,"DB",22,16,2,237
2015,"New York Giants",2,33,1112839.05997552,"DB",21,16,16,237
2016,"Dallas Cowboys",3,67,670323.133414933,"DL",21,16,14,240
2005,"Green Bay Packers",2,51,570046.516523868,"DB",22,16,16,195.3
2002,"Chicago Bears",1,29,930075.95373317,"OL",24,10,5,179.9
2005,"Kansas City Chiefs",3,99,370030.176903305,"PK",23,16,0,195.3
2016,"Tennessee Titans",1,8,2890634.51652387,"OL",22,16,16,240
2015,"Kansas City Chiefs",3,76,613114.029865361,"WR",23,16,5,237
2017,"Oakland Raiders",1,24,1854992,"DB",22,2,0,245.1
2008,"Carolina Panthers",3,74,492129.322957976,"LB",23,3,0,215.3
2017,"Pittsburgh Steelers",3,105,627807,"RB",22,14,0,245.1
2011,"Chicago Bears",3,93,508353.316017952,"DB",22,14,9,224.9
2014,"New Orleans Saints",1,20,1524156.68922889,"WR",21,10,7,236.7
2017,"Minnesota Vikings",2,41,1065680,"RB",22,4,4,245.1
2009,"Tennessee Titans",3,89,484955.91750306,"TE",22,14,0,214.5
2006,"Minnesota Vikings",2,51,575046.883329253,"OL",23,6,3,201.6
2004,"Washington Redskins",3,81,393782.126886985,"RB",22,16,9,188.9
2015,"Oakland Raiders",1,4,4120606.64014688,"WR",21,16,15,237
2013,"Arizona Cardinals",1,7,2645977.18441452,"OL",23,0,0,233
2004,"Tampa Bay Buccaneers",3,79,371196.307250102,"LB",22,14,0,188.9
2015,"Cleveland Browns",3,96,583076.750428397,"DL",24,14,0,237
2012,"New York Jets",1,16,1600680.52158303,"DL",22,16,2,229.6
2004,"Jacksonville Jaguars",3,86,287689.482321501,"LB",22,0,0,188.9
2016,"Baltimore Ravens",2,42,1045442.83965728,"LB",22,9,1,240
2008,"Kansas City Chiefs",3,76,489699.129698082,"TE",24,16,7,215.3
2008,"Baltimore Ravens",3,99,442862.973247654,"OL",24,5,0,215.3
2009,"Jacksonville Jaguars",3,73,518202.866156671,"DB",23,16,16,214.5
2012,"Philadelphia Eagles",1,12,1862236.70110159,"DL",22,15,9,229.6
2009,"San Francisco 49ers",1,10,1829833.60097919,"WR",22,11,11,214.5
2008,"New England Patriots",3,78,485157.819359445,"LB",23,0,0,215.3
2016,"Washington Redskins",2,53,805672.274173807,"DB",21,11,3,240
2012,"Dallas Cowboys",3,81,533870.528861689,"DL",23,16,0,229.6
2014,"Minnesota Vikings",3,72,584039.866891065,"DL",23,8,0,236.7
2003,"Cleveland Browns",3,84,370630.246593227,"DB",23,16,1,184
2006,"Los Angeles Chargers",1,19,1150093.78310893,"DB",22,16,0,201.6
2003,"Buffalo Bills",3,94,363362.651978784,"LB",22,6,0,184
2005,"Miami Dolphins",3,70,421659.40123623,"LB",22,16,13,195.3
2007,"Denver Broncos",2,56,544184.177270502,"DL",22,13,1,207.3
2006,"Kansas City Chiefs",3,85,430035.073880049,"QB",23,2,0,201.6
2011,"San Francisco 49ers",3,80,524670.834124847,"DB",23,16,0,224.9
2017,"Houston Texans",2,57,813044,"LB",23,16,13,245.1
2009,"Seattle Seahawks",1,4,2724752.36780906,"LB",23,14,12,214.5
2012,"Philadelphia Eagles",2,59,614944.284161567,"DL",24,6,0,229.6
2003,"Los Angeles Rams",3,74,398698.526968584,"WR",25,4,1,184
2009,"Houston Texans",1,15,1515862.13586291,"LB",22,16,16,214.5
2006,"Denver Broncos",1,11,1550126.41762546,"QB",23,5,5,201.6
2013,"Jacksonville Jaguars",2,33,994646.674826601,"DB",23,15,15,233
2004,"Arizona Cardinals",2,33,842568.758465932,"LB",23,15,11,188.9
2017,"Seattle Seahawks",3,106,641572,"WR",23,16,0,245.1
2015,"Buffalo Bills",2,50,830861.169033048,"DB",21,15,15,237
2011,"Buffalo Bills",1,3,3710077.39371685,"DL",22,16,15,224.9
2004,"Baltimore Ravens",3,82,339145.680473276,"WR",22,3,0,188.9
2002,"Cleveland Browns",2,47,600048.985361077,"WR",23,16,4,179.9
2008,"Pittsburgh Steelers",3,88,463573.35750714,"LB",23,5,0,215.3
2015,"Baltimore Ravens",3,90,591276.805385557,"DL",23,13,2,237
2017,"Tennessee Titans",1,5,4617216,"WR",22,11,9,245.1
2007,"Los Angeles Chargers",1,30,1040874.02154223,"WR",22,13,1,207.3
2012,"New York Jets",3,77,534547.57251734,"LB",23,16,3,229.6
2002,"Denver Broncos",3,96,356195.071170951,"DL",23,0,0,179.9
2008,"Washington Redskins",2,48,640543.360595675,"TE",22,11,2,215.3
2017,"Detroit Lions",1,21,1994396,"LB",22,14,14,245.1
2013,"Kansas City Chiefs",3,96,531645.444716442,"RB",22,16,1,233
2012,"Tampa Bay Buccaneers",2,58,631292.038351693,"LB",22,16,16,229.6
2003,"Los Angeles Chargers",1,30,831495.924928601,"DB",23,16,16,184
2016,"Pittsburgh Steelers",2,58,743123.995104039,"DB",23,16,9,240
2005,"Carolina Panthers",1,14,1405114.5752754,"DB",22,16,1,195.3
2006,"San Francisco 49ers",1,6,2160176.3250918,"TE",22,10,8,201.6
2009,"Miami Dolphins",1,25,1224888.64137087,"DB",21,16,9,214.5
2013,"Miami Dolphins",3,93,535442.508159935,"DB",23,5,0,233
2017,"Buffalo Bills",2,63,760589,"OL",23,16,11,245.1
2015,"Cincinnati Bengals",3,99,580493.721175031,"LB",22,11,0,237
2012,"Pittsburgh Steelers",1,24,1420862.03574051,"OL",22,4,3,229.6
2008,"Atlanta Falcons",3,98,444525.07870665,"DB",23,10,0,215.3
2016,"Detroit Lions",1,16,1994100.66095471,"OL",22,16,16,240
2009,"Detroit Lions",2,33,854922.253182375,"DB",22,15,15,214.5
2014,"Cincinnati Bengals",1,24,1450605.85813953,"DB",23,14,0,236.7
2002,"Buffalo Bills",2,61,462537.733859649,"DL",25,8,0,179.9
2011,"Atlanta Falcons",3,91,510678.126862505,"LB",24,16,0,224.9
2008,"Detroit Lions",2,45,678378.922945736,"LB",22,12,0,215.3
2013,"New England Patriots",2,59,623505.946634027,"WR",22,12,9,233
2004,"Arizona Cardinals",3,64,420034.294369645,"DL",23,16,15,188.9
2003,"Washington Redskins",3,81,346028.245450836,"OL",23,16,13,184
2016,"Washington Redskins",1,22,1715584.92044064,"WR",24,2,0,240
2016,"Tennessee Titans",2,33,1191390.45287638,"LB",24,9,1,240
2014,"Los Angeles Rams",1,13,1842870.19718482,"DL",23,16,12,236.7
2008,"Kansas City Chiefs",1,5,2395161.99102407,"DL",23,16,16,215.3
2015,"Indianapolis Colts",1,29,1479180.625459,"WR",22,11,0,237
2003,"Indianapolis Colts",2,58,445036.303223174,"DB",22,15,15,184
2008,"Arizona Cardinals",3,81,478365.354708282,"WR",23,7,0,215.3
2008,"Atlanta Falcons",3,84,471043.854651163,"WR",24,16,0,215.3
2017,"Philadelphia Eagles",3,99,641572,"DB",22,14,5,245.1
2011,"New England Patriots",2,33,964293.480579355,"DB",23,2,2,224.9
2016,"Miami Dolphins",3,73,655349.385556916,"RB",22,16,1,240
2006,"Jacksonville Jaguars",2,60,500040.793145655,"RB",21,16,1,201.6
2002,"Atlanta Falcons",1,18,1060086.5496124,"RB",21,12,3,179.9
2015,"Pittsburgh Steelers",1,22,1676794.62913097,"LB",22,16,5,237
2007,"Jacksonville Jaguars",2,48,610426.135299878,"LB",22,13,8,207.3
2006,"Chicago Bears",3,73,368655.079167687,"DL",23,0,0,201.6
2014,"Carolina Panthers",2,60,644832.587294982,"DL",23,15,0,236.7
2014,"New England Patriots",1,29,1327824.51738066,"DL",22,11,2,236.7
2014,"Detroit Lions",1,10,2226961.19155447,"TE",21,13,7,236.7
2005,"Cleveland Browns",1,3,2543207.43671971,"WR",22,10,7,195.3
2004,"Baltimore Ravens",2,51,550044.900485516,"DL",23,4,0,188.9
2002,"Detroit Lions",2,35,705057.532843737,"DL",23,16,4,179.9
2015,"Oakland Raiders",2,35,1094039.76744186,"DL",21,14,10,237
2007,"Buffalo Bills",3,92,442696.4575153,"QB",24,10,9,207.3
2012,"Miami Dolphins",3,78,537296.908396573,"TE",23,2,0,229.6
2013,"Cincinnati Bengals",1,21,1501490.59567523,"TE",23,15,15,233
2013,"Baltimore Ravens",1,32,1230691.45532436,"DB",22,16,15,233
2017,"Minnesota Vikings",3,70,699210,"OL",23,14,14,245.1
2005,"Carolina Panthers",3,89,121774.936487148,"DL",23,0,0,195.3
2008,"Buffalo Bills",3,72,495783.537564259,"DL",23,7,0,215.3
2016,"Dallas Cowboys",1,4,4537753.73317013,"RB",21,15,15,240
2011,"New York Jets",3,94,487455.270346797,"OL",24,5,2,224.9
2008,"New Orleans Saints",1,7,2236151.38984088,"DL",23,13,13,215.3
2009,"Los Angeles Chargers",1,16,1369875.50122399,"LB",23,16,2,214.5
2017,"New York Giants",1,23,1948782,"TE",23,15,11,245.1
2013,"Philadelphia Eagles",2,35,978296.368013056,"TE",23,16,3,233
2015,"Cleveland Browns",1,19,1714391.86046512,"OL",23,16,4,237
2013,"Dallas Cowboys",2,47,765747.76001632,"TE",22,16,1,233
2005,"Pittsburgh Steelers",3,93,383364.274443084,"OL",23,6,4,195.3
2017,"Tampa Bay Buccaneers",2,50,931561,"DB",22,14,9,245.1
2004,"Buffalo Bills",1,13,1300106.06115871,"WR",23,16,11,188.9
2014,"Tampa Bay Buccaneers",1,7,2660085.78359853,"WR",21,15,15,236.7
2017,"Los Angeles Rams",2,44,1098994,"TE",23,16,2,245.1
2005,"Buffalo Bills",3,86,347675.362802938,"TE",23,0,0,195.3
2016,"Green Bay Packers",3,88,623544.675642595,"LB",25,13,0,240
2003,"Cleveland Browns",1,21,985794.45124439,"OL",22,9,9,184
2011,"Detroit Lions",1,13,1797835.00106079,"DL",23,10,0,224.9
2003,"Oakland Raiders",3,96,365029.800081599,"RB",23,10,1,184
2006,"Dallas Cowboys",2,53,562545.890232558,"TE",22,16,5,201.6
2017,"Los Angeles Chargers",3,71,696158,"OL",23,15,9,245.1
2006,"New York Jets",1,4,2350191.68665851,"OL",23,16,16,201.6
2014,"Chicago Bears",2,51,747802.33119951,"DL",23,16,0,236.7
2014,"Houston Texans",3,65,595784.030489596,"TE",23,15,8,236.7
2007,"Baltimore Ravens",3,74,477775.228984088,"WR",24,14,0,207.3
2005,"New Orleans Saints",3,82,404032.950734394,"LB",22,11,0,195.3
2008,"Green Bay Packers",3,91,458281.009441044,"TE",21,14,1,215.3
2013,"Kansas City Chiefs",1,1,4035709.7246022,"OL",22,14,13,233
2015,"Cincinnati Bengals",2,53,774465.612117503,"TE",22,14,1,237
2002,"Arizona Cardinals",2,49,552545.080195838,"LB",23,7,0,179.9
2002,"Los Angeles Rams",2,64,455037.129616483,"DB",23,14,11,179.9
2004,"Arizona Cardinals",1,3,2300187.74745002,"RB",21,16,16,188.9
2008,"Baltimore Ravens",1,18,1300087.95197878,"QB",23,16,16,215.3
2012,"Indianapolis Colts",2,34,971313.666585067,"TE",24,12,10,229.6
2012,"Arizona Cardinals",3,80,45886.9426585067,"DB",23,15,3,229.6
2009,"Los Angeles Rams",3,66,533025.55128519,"DB",23,7,3,214.5
2003,"Los Angeles Chargers",2,46,614050.12256222,"DB",23,16,0,184
2008,"Kansas City Chiefs",2,35,1047070.83537332,"DB",22,14,13,215.3
2015,"New York Giants",1,9,2616701.91554468,"OL",21,15,15,237
2016,"Chicago Bears",1,9,2869761.56670747,"LB",24,12,12,240
2012,"Arizona Cardinals",1,13,1813195.41509588,"WR",23,16,3,229.6
2013,"Minnesota Vikings",1,23,1468790.8376173,"DL",21,16,1,233
2008,"Detroit Lions",3,87,465447.512823338,"DL",23,8,2,215.3
2013,"Los Angeles Chargers",1,11,2073733.74745002,"OL",22,15,15,233
2012,"Philadelphia Eagles",3,88,525936.691962464,"QB",23,7,6,229.6
2002,"Los Angeles Chargers",2,39,660053.863345573,"OL",21,15,14,179.9
2014,"Kansas City Chiefs",1,23,1483295.47050184,"LB",23,16,0,236.7
2017,"Houston Texans",3,89,613574,"RB",21,10,1,245.1
2008,"Chicago Bears",2,44,678378.922945736,"RB",23,16,16,215.3
2002,"Carolina Panthers",2,34,760062.012892697,"RB",22,0,0,179.9
2003,"Denver Broncos",1,20,1045085.31701346,"OL",23,1,0,184
2011,"Tampa Bay Buccaneers",3,84,506203.525271318,"LB",22,16,15,224.9
2017,"San Francisco 49ers",1,31,1642783,"LB",23,10,10,245.1
2017,"Jacksonville Jaguars",1,4,4936516,"RB",22,13,13,245.1
2015,"Jacksonville Jaguars",1,3,4270997.20930233,"LB",21,0,0,237
2002,"Cleveland Browns",3,76,394698.199865361,"OL",23,1,1,179.9
2005,"Denver Broncos",3,97,373463.464847001,"DB",22,16,7,195.3
2005,"Minnesota Vikings",3,80,313191.558139535,"DB",22,0,0,195.3
2004,"Kansas City Chiefs",3,93,337527.537331701,"LB",22,12,0,188.9
2011,"Denver Broncos",2,46,791927.294418605,"OL",24,16,16,224.9
2013,"Dallas Cowboys",1,31,1249428.51489188,"OL",22,16,16,233
2002,"Indianapolis Colts",1,11,1372682.94753162,"DL",22,16,8,179.9
2002,"Kansas City Chiefs",2,43,644371.559771522,"DL",24,15,0,179.9
2009,"Tampa Bay Buccaneers",1,17,1379874.56181151,"QB",21,10,9,214.5
2005,"Cleveland Browns",3,67,430035.054088127,"QB",24,7,5,195.3
2011,"Carolina Panthers",3,97,501457.951754386,"DL",23,11,11,224.9
2016,"Washington Redskins",3,84,629639.050183599,"DB",21,13,6,240
2014,"Chicago Bears",1,14,1761148.91860465,"DB",22,16,14,236.7
2016,"Houston Texans",1,21,1848153.83108935,"WR",22,14,13,240
2015,"Carolina Panthers",2,41,1003806.97307222,"WR",21,16,5,237
2011,"Jacksonville Jaguars",1,10,2181917.67951856,"QB",22,15,14,224.9
2002,"Houston Texans",2,33,576975.074483884,"WR",22,16,14,179.9
2014,"Kansas City Chiefs",3,87,557238.734394125,"DB",23,13,5,236.7
2004,"Oakland Raiders",1,2,2633551.00701754,"OL",24,16,15,188.9
2004,"Carolina Panthers",1,28,990080.776172991,"DB",21,16,16,188.9
2017,"New England Patriots",3,85,544538,"OL",23,0,0,245.1
2004,"Indianapolis Colts",3,69,412685.660481436,"LB",22,11,0,188.9
2004,"Tennessee Titans",3,92,340027.753300694,"DB",23,15,1,188.9
2016,"San Francisco 49ers",1,28,1691781.7380661,"OL",22,15,11,240
2014,"New England Patriots",2,62,633391.420942472,"QB",23,6,0,236.7
2017,"Cleveland Browns",1,1,5529501,"DL",22,11,9,245.1
2008,"New York Jets",1,6,2320157.04018768,"DL",22,15,0,215.3
2009,"Chicago Bears",3,68,494954.978090575,"DL",23,4,0,214.5
2014,"Cleveland Browns",1,8,2333199.8001224,"DB",23,14,2,236.7
2011,"Pittsburgh Steelers",2,63,586748.134026928,"OL",23,14,13,224.9
2011,"Los Angeles Chargers",2,50,719133.982072623,"DB",23,14,4,224.9
2014,"Baltimore Ravens",3,99,546465.494687882,"TE",23,15,1,236.7
2012,"Buffalo Bills",1,10,2197356.77682579,"DB",22,16,16,229.6
2007,"Miami Dolphins",1,9,1759787.12301102,"WR",22,16,9,207.3
2016,"Detroit Lions",3,95,611387.084455324,"OL",24,15,11,240
2012,"Buffalo Bills",2,41,884673.343125255,"OL",23,13,13,229.6
2013,"Tampa Bay Buccaneers",3,73,564525.20501836,"QB",24,13,13,233
2006,"Philadelphia Eagles",3,71,468788.219926561,"DL",22,0,0,201.6
2008,"Carolina Panthers",3,67,508584.435797634,"DB",23,16,16,215.3
2017,"Tampa Bay Buccaneers",3,84,663041,"WR",21,16,2,245.1
2016,"Los Angeles Rams",1,1,5079843.32925337,"QB",22,7,7,240
2015,"Chicago Bears",2,39,1033885.18359853,"DL",21,15,12,237
2015,"Arizona Cardinals",2,58,712431.031334149,"LB",24,15,6,237
2017,"Detroit Lions",3,96,644706,"WR",24,11,5,245.1
2015,"Pittsburgh Steelers",2,56,727469.188984088,"DB",22,0,0,237
2007,"Indianapolis Colts",1,32,1099866.89902081,"WR",23,13,9,207.3
2002,"Detroit Lions",3,68,404418.011166871,"DB",24,14,6,179.9
2013,"Buffalo Bills",3,78,554866.665809873,"WR",23,12,1,233
2008,"Baltimore Ravens",3,71,498399.735618115,"LB",24,4,0,215.3
2013,"Tennessee Titans",3,97,531645.444716442,"LB",23,9,1,233
2002,"Los Angeles Rams",3,84,377280.775104039,"RB",22,13,5,179.9
2015,"Los Angeles Chargers",1,15,1939977.08567931,"RB",22,14,13,237
2005,"San Francisco 49ers",3,65,429868.072986536,"RB",22,14,1,195.3
2016,"Denver Broncos",2,63,716019.525091799,"DL",24,16,0,240
2002,"New England Patriots",1,21,1085088.6126887,"TE",24,12,6,179.9
2012,"Buffalo Bills",3,69,557873.087099143,"WR",23,15,11,229.6
2002,"New Orleans Saints",1,25,855069.837902897,"DL",24,16,6,179.9
2003,"New Orleans Saints",3,86,373363.476132191,"LB",24,7,0,184
2015,"Chicago Bears",3,71,625485.159118727,"OL",24,8,8,237
2013,"Jacksonville Jaguars",3,64,579548.229375765,"DB",23,10,8,233
2015,"New Orleans Saints",3,75,618297.077723378,"QB",24,1,0,237
2008,"Los Angeles Rams",3,65,509667.462435741,"OL",23,9,1,215.3
2011,"Green Bay Packers",3,96,503703.740208078,"RB",23,4,0,224.9
2015,"Dallas Cowboys",3,91,549804.406487148,"OL",23,0,0,237
2006,"Minnesota Vikings",1,17,1310106.85336597,"LB",23,0,0,201.6
2015,"Tennessee Titans",2,40,1018846.07833537,"WR",22,16,5,237
2005,"Arizona Cardinals",3,75,415699.906597307,"DB",23,12,5,195.3
2009,"New York Jets",3,65,536201.262729498,"RB",24,14,0,214.5
2016,"Indianapolis Colts",2,57,757718.727050184,"DB",21,15,4,240
2002,"Cleveland Browns",1,16,1055800.14402285,"RB",23,16,10,179.9
2015,"Dallas Cowboys",2,60,693630.820195838,"LB",23,12,0,237
2006,"Minnesota Vikings",2,48,600048.96,"DB",24,14,7,201.6
2007,"Tennessee Titans",1,19,1199856.79804162,"DB",22,16,10,207.3
2012,"Washington Redskins",1,2,3840249.69400245,"QB",22,15,15,229.6
2017,"Seattle Seahawks",3,90,654655,"DB",22,15,11,245.1
2015,"New England Patriots",3,97,580493.721175031,"DL",23,15,0,237
2003,"Carolina Panthers",1,8,1699638.62913097,"OL",23,16,16,184
2003,"Chicago Bears",1,22,1050085.67278662,"QB",23,3,3,184
2004,"Oakland Raiders",2,45,536708.799404325,"OL",24,9,8,188.9
2008,"Jacksonville Jaguars",2,52,606291.027976336,"DL",24,16,0,215.3
2007,"Baltimore Ravens",1,29,1039874.22827417,"OL",23,16,12,207.3
2015,"Los Angeles Rams",1,10,2513330.85067319,"RB",21,13,12,237
2002,"Dallas Cowboys",2,37,522470.637164423,"OL",24,14,14,179.9
2016,"New York Jets",2,51,847371.417380661,"QB",21,0,0,240
2006,"Miami Dolphins",3,82,451786.858457772,"WR",22,16,0,201.6
2014,"Atlanta Falcons",2,37,970084.674418605,"DL",24,16,0,236.7
2006,"Kansas City Chiefs",1,20,1160094.57429621,"DL",23,16,16,201.6
2017,"Carolina Panthers",3,77,590960,"DL",22,1,0,245.1
2004,"Atlanta Falcons",1,8,1900155.04210526,"DB",21,10,9,188.9
2007,"Cincinnati Bengals",1,18,1249848.82962056,"DB",23,16,10,207.3
2004,"San Francisco 49ers",3,77,404633.040762954,"WR",23,2,0,188.9
2003,"Seattle Seahawks",2,42,630051.403671971,"DB",22,16,14,184
2013,"New York Giants",2,49,733047.079844961,"DL",21,11,0,233
2011,"Washington Redskins",3,79,526545.688980008,"WR",23,4,2,224.9
2012,"Chicago Bears",3,79,537901.933904529,"DB",22,0,0,229.6
2008,"Buffalo Bills",2,41,711048.128576091,"WR",23,14,3,215.3
2004,"Los Angeles Chargers",3,66,416700.028253774,"OL",23,14,14,188.9
2004,"Los Angeles Rams",3,91,377363.803618931,"DL",21,15,2,188.9
2016,"Pittsburgh Steelers",3,89,623346.692778458,"DL",23,15,13,240
2016,"Tampa Bay Buccaneers",1,11,2577891.11383109,"DB",21,16,16,240
2013,"New England Patriots",3,91,538543.290412077,"DB",22,15,3,233
2015,"San Francisco 49ers",3,79,609349.027172583,"LB",21,16,1,237
2006,"New Orleans Saints",2,43,604049.243574051,"DB",24,5,5,201.6
2011,"Houston Texans",2,60,599822.972178702,"DB",21,7,0,224.9
2017,"Miami Dolphins",1,22,1971589,"DL",22,16,2,245.1
2007,"New York Jets",2,47,634923.176352509,"LB",23,16,9,207.3
2002,"Detroit Lions",1,3,2300187.74785802,"QB",24,14,12,179.9
2007,"Green Bay Packers",1,16,1246849.11150551,"DL",23,7,2,207.3
2003,"San Francisco 49ers",1,26,950204.527131783,"OL",21,14,5,184
2008,"Chicago Bears",3,90,458682.033141575,"DL",24,16,0,215.3
2002,"Oakland Raiders",1,23,948648.445124439,"LB",23,15,13,179.9
2007,"Denver Broncos",3,70,486191.186095471,"OL",22,11,0,207.3
2004,"Chicago Bears",1,14,1270103.63908609,"DL",21,16,16,188.9
2004,"Indianapolis Colts",3,68,414761.849514484,"TE",24,16,3,188.9
2008,"Jacksonville Jaguars",1,8,2090141.35985312,"DL",22,16,9,215.3
2009,"Minnesota Vikings",1,22,1236187.65422277,"WR",21,15,8,214.5
2006,"Dallas Cowboys",3,92,428159.930673195,"DL",24,14,0,201.6
2002,"New York Giants",3,78,296690.199216646,"OL",22,0,0,179.9
2015,"Los Angeles Rams",2,57,721829.140146879,"OL",23,13,13,237
2006,"Green Bay Packers",1,5,2185178.2619339,"LB",22,16,16,201.6
2013,"Oakland Raiders",1,12,1877535.57935537,"DB",23,8,2,233
2005,"Indianapolis Colts",2,60,511291.726670747,"DB",22,16,0,195.3
2003,"Arizona Cardinals",3,70,401032.729498164,"LB",23,12,2,184
2002,"Tennessee Titans",1,15,1245102.57972256,"DL",21,16,3,179.9
2003,"Chicago Bears",1,14,1196763.70134639,"DL",23,16,0,184
2012,"Green Bay Packers",2,62,601866.873308854,"DB",23,16,7,229.6
2017,"Denver Broncos",3,82,552496,"WR",22,0,0,245.1
2004,"New Orleans Saints",2,50,578797.237694819,"WR",22,1,0,188.9
2003,"Minnesota Vikings",2,40,662554.084047328,"LB",23,16,0,184
2002,"Jacksonville Jaguars",1,9,1557126.98225214,"DL",23,16,13,179.9
2007,"Oakland Raiders",3,91,443446.340526316,"OL",23,1,0,207.3
2017,"New Orleans Saints",3,103,641572,"DL",23,12,0,245.1
2008,"Miami Dolphins",2,57,511534.599200326,"QB",23,3,0,215.3
2005,"Cincinnati Bengals",3,83,403032.872900857,"WR",22,14,5,195.3
2016,"Tennessee Titans",2,45,983310.550795594,"RB",22,15,1,240
2016,"Los Angeles Chargers",2,35,1160115.83843329,"TE",22,15,10,240
2006,"Chicago Bears",2,57,530043.240734394,"WR",24,16,0,201.6
2008,"Los Angeles Chargers",3,69,503496.09128927,"RB",23,16,3,215.3
2015,"Denver Broncos",3,92,473205.677723378,"TE",22,0,0,237
2011,"Pittsburgh Steelers",1,31,1218984.15116279,"DL",22,16,0,224.9
2009,"Oakland Raiders",1,7,2419779.92594859,"WR",22,11,11,214.5
2012,"New Orleans Saints",3,89,525781.658098735,"DL",23,14,0,229.6
2015,"Philadelphia Eagles",3,84,543129.35128519,"LB",23,8,5,237
2007,"Oakland Raiders",3,99,429947.972692779,"WR",24,16,2,207.3
2012,"New England Patriots",1,25,1404515.37756018,"LB",22,14,13,229.6
2002,"Houston Texans",3,83,383364.279669523,"DL",22,16,0,179.9
2017,"Seattle Seahawks",3,95,646869,"DB",22,15,0,245.1
2007,"San Francisco 49ers",3,76,473396.741738066,"WR",22,5,0,207.3
2014,"Cincinnati Bengals",2,55,682424.941358629,"RB",22,16,8,236.7
2013,"Seattle Seahawks",3,87,541178.985271318,"DL",22,4,0,233
2005,"Seattle Seahawks",3,98,371280.288139535,"LB",23,15,9,195.3
2004,"New England Patriots",2,63,460037.541782946,"DL",22,1,0,188.9
2012,"Denver Broncos",3,67,562768.65370869,"RB",21,14,0,229.6
2012,"New York Jets",2,43,856883.349751122,"WR",21,11,8,229.6
2006,"Los Angeles Rams",1,15,1354110.43329253,"DB",24,16,10,201.6
2012,"Indianapolis Colts",3,92,521906.22368013,"WR",23,15,1,229.6
2005,"New England Patriots",3,84,395032.226328029,"DB",22,16,8,195.3
2003,"New York Jets",2,53,529043.166054672,"LB",23,16,1,184
2006,"Green Bay Packers",3,67,477038.932288862,"LB",24,8,1,201.6
2012,"Atlanta Falcons",3,91,523456.384332925,"OL",23,1,0,229.6
2006,"Pittsburgh Steelers",1,25,1000081.58629131,"WR",22,16,4,201.6
2009,"Pittsburgh Steelers",1,32,1118433.28029376,"DL",22,16,0,214.5
2017,"Indianapolis Colts",1,15,2222063,"DB",21,7,6,245.1
2016,"Atlanta Falcons",3,81,643390.756425949,"TE",22,14,3,240
2002,"Pittsburgh Steelers",3,94,358329.23125663,"DB",22,14,0,179.9
2013,"Houston Texans",1,27,1387042.06038352,"WR",21,16,16,233
2012,"New York Giants",3,94,518805.893006936,"DB",22,12,6,229.6
2007,"Atlanta Falcons",2,41,677680.01504284,"DB",23,16,11,207.3
2011,"Kansas City Chiefs",3,70,542762.162664219,"LB",22,16,10,224.9
2011,"Arizona Cardinals",3,69,570970.614492044,"TE",23,12,2,224.9
2017,"Tampa Bay Buccaneers",1,19,2003438,"TE",23,14,14,245.1
2006,"Oakland Raiders",2,38,728059.358629131,"LB",23,16,15,201.6
2016,"Miami Dolphins",2,38,1114247.53977968,"DB",23,7,6,240
2011,"Kansas City Chiefs",2,55,637414.525446757,"OL",22,16,1,224.9
2014,"Philadelphia Eagles",3,86,558946.624847001,"WR",23,12,0,236.7
2006,"Oakland Raiders",1,7,2000163.17258262,"DB",23,16,16,201.6
2007,"Indianapolis Colts",3,95,437447.090367197,"DB",22,10,0,207.3
2012,"Cleveland Browns",3,87,526091.669620563,"DL",24,16,2,229.6
2015,"Arizona Cardinals",1,24,1620400.03916769,"OL",21,0,0,237
2017,"Baltimore Ravens",1,16,2154087,"DB",21,16,5,245.1
2015,"Minnesota Vikings",3,88,591810.862790698,"DL",21,14,1,237
2013,"Tennessee Titans",2,34,986471.521419829,"WR",22,14,0,233
2017,"Kansas City Chiefs",3,86,658988,"RB",22,16,16,245.1
2013,"Cincinnati Bengals",2,53,667650.64377805,"DL",26,10,0,233
2007,"Philadelphia Eagles",3,90,442446.479596083,"RB",22,8,0,207.3
2003,"Seattle Seahawks",3,73,398365.487719298,"OL",22,0,0,184
2014,"San Francisco 49ers",2,57,669348.864638923,"RB",24,14,0,236.7
2016,"Seattle Seahawks",1,31,1502824.87148103,"OL",22,13,13,240
2009,"Chicago Bears",3,99,434960.448286414,"WR",22,1,0,214.5
2011,"Indianapolis Colts",2,49,735477.486177071,"OL",22,4,0,224.9
2005,"Los Angeles Rams",3,81,326688.652692779,"OL",22,0,0,195.3
2006,"Jacksonville Jaguars",3,80,453787.024920441,"LB",23,14,11,201.6
2011,"New Orleans Saints",1,28,1348376.25079559,"RB",22,10,4,224.9
2012,"Los Angeles Chargers",1,18,1527116.6253774,"LB",23,16,2,229.6
2012,"Seattle Seahawks",1,15,1698765.06079151,"LB",25,16,0,229.6
2009,"Carolina Panthers",3,93,478237.534210526,"DL",24,0,0,214.5
2011,"Denver Broncos",3,67,548699.623598531,"LB",23,16,0,224.9
2017,"Tennessee Titans",1,18,2051415,"DB",22,16,16,245.1
2003,"Pittsburgh Steelers",2,59,485789.653202774,"LB",23,2,0,184
2007,"Green Bay Packers",2,63,474942.560330477,"RB",22,11,3,207.3
2006,"New England Patriots",2,36,727559.31495716,"WR",21,12,1,201.6
2008,"Atlanta Falcons",3,68,505509.203386373,"DB",23,16,1,215.3
2006,"Cleveland Browns",2,34,750061.189718482,"LB",23,13,13,201.6
2008,"Philadelphia Eagles",2,49,633292.854198286,"WR",22,16,15,215.3
2008,"Tampa Bay Buccaneers",2,58,984566.636474908,"WR",22,7,0,215.3
2014,"Oakland Raiders",3,81,567803.985201958,"OL",23,13,12,236.7
2008,"Seattle Seahawks",1,28,1200081.23374133,"DL",23,16,14,215.3
2005,"Indianapolis Colts",1,29,1050085.62962056,"DB",22,15,1,195.3
2016,"Jacksonville Jaguars",2,36,1151776.35250918,"LB",21,16,10,240
2004,"Los Angeles Rams",1,24,1070087.28641371,"RB",21,14,3,188.9
2006,"Minnesota Vikings",2,64,480039.128518972,"QB",23,4,2,201.6
2009,"Kansas City Chiefs",1,3,2859739.90452876,"DL",23,16,14,214.5
2005,"Los Angeles Chargers",2,61,505041.186425949,"WR",22,8,0,195.3
2016,"Cincinnati Bengals",1,24,1764754.56548348,"DB",23,0,0,240
2003,"Washington Redskins",2,44,606549.506323949,"WR",22,8,0,184
2005,"Minnesota Vikings",1,18,1230100.35679315,"DL",23,15,9,195.3
2014,"Miami Dolphins",1,19,1532328.10244798,"OL",22,16,16,236.7
2012,"San Francisco 49ers",2,61,603501.052011424,"RB",23,4,0,229.6
2002,"Los Angeles Chargers",1,5,2000163.21113831,"DB",23,14,4,179.9
2007,"Carolina Panthers",2,45,634923.176352509,"WR",21,7,0,207.3
2011,"Philadelphia Eagles",2,54,654257.938849449,"DB",22,12,2,224.9
2014,"New Orleans Saints",2,58,661177.412790698,"DB",24,4,0,236.7
2012,"Chicago Bears",2,45,826968.080979192,"WR",22,10,6,229.6
2002,"Indianapolis Colts",3,74,397032.407870257,"DB",22,14,0,179.9
2012,"San Francisco 49ers",1,30,1263324.11750306,"WR",23,3,0,229.6
2011,"Washington Redskins",2,41,840405.870383517,"DL",23,0,0,224.9
2012,"Los Angeles Rams",2,39,907428.782733578,"DB",24,15,14,229.6
2013,"New Orleans Saints",3,82,547035.59379845,"DL",24,16,5,233
2016,"New York Jets",3,83,631013.101591187,"LB",22,14,11,240
2009,"New Orleans Saints",1,14,1569857.2380661,"DB",22,14,6,214.5
2004,"Atlanta Falcons",1,29,905073.849408405,"WR",22,16,0,188.9
2008,"Dallas Cowboys",1,25,1146077.56372909,"DB",23,14,3,215.3
2006,"Green Bay Packers",2,52,585047.715642595,"WR",23,14,11,201.6
2006,"Seattle Seahawks",1,31,1025083.60538556,"DB",24,16,2,201.6
2006,"Indianapolis Colts",2,62,480039.128518972,"DB",23,11,0,201.6
2011,"New York Giants",3,83,518765.378543452,"WR",22,8,0,224.9
2014,"Baltimore Ravens",2,48,796834.895544676,"DL",22,12,3,236.7
2009,"Atlanta Falcons",1,24,1199890.85862913,"DL",25,2,2,214.5
2013,"Jacksonville Jaguars",1,2,3855861.95838433,"OL",22,5,5,233
2003,"Dallas Cowboys",2,38,680055.479396165,"OL",24,0,0,184
2003,"Houston Texans",1,3,2285900.46511628,"WR",22,16,16,184
2016,"Tennessee Titans",2,43,1029549.96328029,"DL",22,10,0,240
2003,"New England Patriots",2,45,624050.946715626,"WR",24,15,5,184
2003,"Arizona Cardinals",1,17,965078.798857609,"WR",22,15,8,184
2007,"Detroit Lions",1,2,2786412.92753978,"WR",22,15,10,207.3
2008,"Tennessee Titans",1,24,1220084.63288454,"RB",23,15,14,215.3
2007,"Carolina Panthers",3,83,462444.036511628,"DL",21,3,2,207.3
2015,"Arizona Cardinals",3,86,594848.852753978,"RB",24,16,5,237
2002,"Arizona Cardinals",3,98,354028.894610363,"DL",23,13,0,179.9
2005,"Kansas City Chiefs",1,15,1420115.8623011,"LB",23,16,16,195.3
2015,"Cleveland Browns",3,77,612529.02374541,"RB",22,16,7,237
2017,"Los Angeles Rams",3,91,654438,"DB",22,16,11,245.1
2015,"Houston Texans",1,16,1827184.0379437,"DB",23,16,10,237
2003,"Kansas City Chiefs",1,27,924932.49122807,"RB",24,6,0,184
2013,"Philadelphia Eagles",1,4,3610615.72174623,"OL",23,16,16,233
2004,"Cincinnati Bengals",3,96,367029.963994288,"LB",23,16,11,188.9
2005,"Minnesota Vikings",2,49,535043.664859241,"OL",24,14,8,195.3
2009,"Cincinnati Bengals",3,70,525707.198102815,"DL",22,16,0,214.5
2009,"Arizona Cardinals",3,95,472957.018543452,"DB",23,10,1,214.5
2004,"Chicago Bears",2,47,625051.009616483,"DL",23,16,1,188.9
2003,"Oakland Raiders",2,63,430223.117095063,"TE",22,16,5,184
2012,"Los Angeles Rams",3,65,557854.117698898,"DB",22,16,3,229.6
2005,"Houston Texans",1,16,1290105.18616891,"DL",23,15,3,195.3
2008,"Minnesota Vikings",2,43,1368342.61974704,"DB",23,16,7,215.3
2002,"Oakland Raiders",2,55,468538.209914321,"TE",23,16,3,179.9
2005,"Tennessee Titans",3,96,373780.502643819,"WR",23,10,8,195.3
2015,"Dallas Cowboys",1,27,1564004.48225214,"DB",23,16,11,237
2012,"New England Patriots",1,21,1486251.10403917,"DL",22,14,13,229.6
2016,"Kansas City Chiefs",2,37,1133009.44920441,"DL",22,16,11,240
2016,"New England Patriots",2,60,728529.194614443,"DB",23,10,1,240
2013,"Green Bay Packers",1,26,1403389.51529988,"DL",23,16,0,233
2016,"Atlanta Falcons",2,52,826522.340269278,"LB",22,15,13,240
2008,"Dallas Cowboys",1,22,1299587.95703794,"RB",21,6,0,215.3
2004,"Jacksonville Jaguars",2,55,482039.359073847,"RB",23,16,3,188.9
2007,"Houston Texans",3,73,479219.021468788,"WR",23,14,3,207.3
2007,"Green Bay Packers",3,78,470505.080122399,"WR",23,16,9,207.3
2013,"Pittsburgh Steelers",1,17,1583239.27784578,"LB",24,14,8,233
2008,"Tennessee Titans",2,54,975066.029865361,"DL",22,13,3,215.3
2017,"Green Bay Packers",2,61,769711,"DB",23,16,7,245.1
2004,"Dallas Cowboys",2,43,556710.450085679,"RB",23,8,7,188.9
2011,"Atlanta Falcons",1,6,2957228.54345165,"WR",22,13,13,224.9
2004,"Detroit Lions",1,30,845068.928192575,"RB",22,15,14,188.9
2002,"Cincinnati Bengals",1,10,1470119.97303142,"OL",23,16,14,179.9
2005,"Jacksonville Jaguars",1,21,1260102.85116279,"WR",22,16,1,195.3
2015,"Washington Redskins",3,95,584858.785434516,"RB",22,13,0,237
2017,"Seattle Seahawks",3,102,641572,"DL",23,11,2,245.1
2005,"Tennessee Titans",1,6,2200181.43304774,"DB",22,15,13,195.3
2004,"Cleveland Browns",2,59,500040.789196246,"DB",22,0,0,188.9
2017,"Philadelphia Eagles",2,43,1116380,"DB",21,1,0,245.1
2017,"Buffalo Bills",2,37,1232696,"WR",22,15,10,245.1
2003,"Houston Texans",2,41,633801.738066096,"TE",23,0,0,184
2011,"New Orleans Saints",1,24,1405580.03835169,"DL",22,16,15,224.9
2013,"Miami Dolphins",1,3,3741415.60954712,"DL",23,16,0,233
2006,"Tampa Bay Buccaneers",1,23,1060086.49791922,"OL",23,13,12,201.6
2006,"Cincinnati Bengals",1,24,1090088.87148103,"DB",22,16,9,201.6
2016,"Oakland Raiders",1,14,2160898.40881273,"DB",23,12,9,240
2003,"New York Giants",1,25,972221.392084863,"DL",24,14,0,184
2014,"Los Angeles Rams",2,41,914513.588849449,"DB",24,10,1,236.7
2006,"Philadelphia Eagles",2,39,758811.896401469,"OL",21,0,0,201.6
2005,"New England Patriots",3,100,362029.530330477,"OL",26,14,11,195.3
2011,"San Francisco 49ers",2,36,931605.444675643,"QB",24,3,0,224.9
2012,"Minnesota Vikings",1,4,3595042.32721338,"OL",23,16,16,229.6
2007,"Carolina Panthers",2,59,517437.419522644,"OL",22,6,3,207.3
2017,"New Orleans Saints",3,67,708193,"RB",22,16,3,245.1
2016,"Baltimore Ravens",3,70,544282.555691555,"DL",25,0,0,240
2006,"Indianapolis Colts",3,94,381031.065458996,"LB",24,14,0,201.6
2013,"Kansas City Chiefs",3,63,580980.594736842,"TE",24,1,0,233
2008,"New York Jets",1,30,1190080.54434925,"TE",24,16,6,215.3
2008,"Washington Redskins",2,51,611041.34006528,"WR",22,5,0,215.3
2016,"Indianapolis Colts",1,18,1900277.60097919,"OL",23,16,16,240
2003,"Buffalo Bills",2,48,568796.429865361,"DL",24,16,0,184
2015,"Minnesota Vikings",2,45,937449.226070991,"LB",23,14,11,237
2011,"Los Angeles Rams",2,47,768366.473121175,"TE",23,15,10,224.9
2012,"Philadelphia Eagles",2,46,808168.056401469,"LB",22,15,14,229.6
2003,"Los Angeles Rams",1,12,1344109.71521828,"DL",24,13,0,184
2011,"Washington Redskins",1,16,1585362.49241126,"LB",23,16,16,224.9
2016,"Cleveland Browns",3,93,616229.317013464,"QB",23,9,8,240
2003,"Los Angeles Chargers",2,62,433368.376009792,"DB",23,16,8,184
2015,"New Orleans Saints",2,44,957520.428274174,"LB",23,15,11,237
2017,"Green Bay Packers",2,33,1259902,"DB",22,9,5,245.1
2014,"Cleveland Browns",3,71,585583.767025704,"LB",22,16,8,236.7
2012,"Cincinnati Bengals",1,17,1567987.01787026,"DB",23,5,0,229.6
2006,"New York Giants",1,32,1080088.1625459,"DL",23,16,9,201.6
2017,"Cleveland Browns",2,52,899712,"QB",21,15,15,245.1
2006,"Los Angeles Rams",2,46,600048.96,"TE",23,16,16,201.6
2009,"Jacksonville Jaguars",3,72,520916.610587515,"DL",23,16,16,214.5
2007,"Philadelphia Eagles",2,36,703414.901823745,"QB",23,1,0,207.3
2012,"Atlanta Falcons",2,55,652543.330983272,"OL",23,16,10,229.6
2014,"Buffalo Bills",2,44,874269.402888617,"OL",21,1,0,236.7
2017,"Kansas City Chiefs",2,59,785676,"LB",23,16,1,245.1
2015,"Cincinnati Bengals",3,85,596949.914320685,"TE",23,16,6,237
2009,"Baltimore Ravens",2,57,559949.090697674,"LB",23,9,1,214.5
2012,"Carolina Panthers",1,9,2287264.52093023,"LB",21,16,16,229.6
2017,"Los Angeles Rams",3,69,703690,"WR",24,15,6,245.1
2004,"Tennessee Titans",2,42,630053.414561404,"DL",23,13,2,188.9
2013,"Green Bay Packers",2,61,616966.185148919,"RB",23,15,15,233
2017,"Los Angeles Chargers",2,38,1095167,"OL",23,0,0,245.1
2014,"Miami Dolphins",2,63,631757.524589963,"WR",22,16,11,236.7
2007,"Washington Redskins",1,6,2163071.3002448,"DB",23,16,16,207.3
2017,"Denver Broncos",3,101,641572,"DB",23,11,0,245.1
2008,"Miami Dolphins",3,66,490533.186613627,"DL",22,16,13,215.3
2014,"Denver Broncos",2,56,674252.533439412,"WR",22,8,0,236.7
2017,"New Orleans Saints",1,11,2792647,"DB",21,13,13,245.1
2009,"Los Angeles Rams",2,35,849922.722888617,"LB",23,16,16,214.5
2014,"Dallas Cowboys",2,34,1001138.53623011,"DL",22,7,0,236.7
2006,"San Francisco 49ers",1,22,1110090.53610771,"LB",22,16,12,201.6
2016,"Buffalo Bills",1,19,1869002.00734394,"LB",22,10,1,240
2008,"Philadelphia Eagles",2,47,657544.51499388,"DL",23,16,0,215.3
2004,"Denver Broncos",3,85,289356.619232966,"DB",23,0,0,188.9
2002,"Los Angeles Chargers",3,71,389031.731538148,"LB",24,16,14,179.9
2016,"New York Jets",1,20,1858578.50673195,"LB",22,13,9,240
2014,"Jacksonville Jaguars",2,39,940664.728274174,"WR",23,13,8,236.7
2008,"Green Bay Packers",2,60,945064.049530804,"DB",24,5,0,215.3
2003,"Jacksonville Jaguars",1,7,1790146.05956752,"QB",23,15,13,184
2004,"Detroit Lions",2,37,704757.499490004,"LB",23,16,16,188.9
2006,"Arizona Cardinals",1,10,1500122.37943696,"QB",23,12,11,201.6
2002,"Denver Broncos",1,19,1050085.69502244,"WR",22,16,1,179.9
2013,"San Francisco 49ers",3,88,541023.965646675,"LB",22,16,0,233
2007,"Los Angeles Rams",2,52,567931.276107711,"RB",23,16,7,207.3
2011,"Detroit Lions",2,57,624338.714655243,"RB",21,0,0,224.9
2009,"Buffalo Bills",2,51,659939.967870257,"OL",23,16,16,214.5
2009,"Detroit Lions",3,76,513519.327356181,"LB",22,16,10,214.5
2014,"Tennessee Titans",1,11,2088035.86780906,"OL",23,11,6,236.7
2017,"Dallas Cowboys",3,92,653357,"DB",22,15,7,245.1
2009,"Pittsburgh Steelers",3,96,469957.274112607,"DB",23,4,0,214.5
2006,"Jacksonville Jaguars",1,28,990080.795104039,"TE",22,15,3,201.6
2002,"Philadelphia Eagles",2,58,475038.758057936,"DB",22,14,4,179.9
2014,"Jacksonville Jaguars",3,93,553361.035997552,"OL",22,15,15,236.7
2011,"Los Angeles Chargers",1,18,1511815.2374541,"DL",21,15,13,224.9
2009,"Minnesota Vikings",2,54,609944.559914321,"OL",23,15,15,214.5
2011,"Tennessee Titans",1,8,2288154.07148103,"QB",23,5,0,224.9
2004,"Seattle Seahawks",3,84,386697.559938801,"OL",23,16,0,188.9
2015,"Seattle Seahawks",3,69,631693.234394125,"WR",23,16,8,237
2008,"Atlanta Falcons",2,37,800054.16753978,"LB",22,16,15,215.3
2013,"Philadelphia Eagles",3,67,576176.33627091,"DL",24,16,8,233
2008,"Los Angeles Rams",1,2,2900196.23435332,"DL",23,16,16,215.3
2008,"Miami Dolphins",1,1,3000203.12827417,"OL",23,16,16,215.3
2013,"Chicago Bears",1,20,1509665.65401877,"OL",25,16,16,233
2014,"Washington Redskins",3,78,573409.612913097,"OL",24,5,0,236.7
2004,"Buffalo Bills",1,22,1078087.98368013,"QB",23,4,0,188.9
2013,"Carolina Panthers",1,14,1746737.87800898,"DL",24,16,16,233
2012,"Indianapolis Colts",1,1,4020069.30395757,"QB",23,16,16,229.6
2006,"Arizona Cardinals",2,41,771312.930624235,"OL",23,15,9,201.6
2007,"Buffalo Bills",1,12,1520841.01456548,"RB",21,13,13,207.3
2016,"Denver Broncos",1,26,1723053.41493268,"QB",22,3,2,240
2009,"Cleveland Browns",1,21,1315880.39902081,"OL",24,16,16,214.5
2014,"Oakland Raiders",1,5,3395578.83598531,"LB",23,16,16,236.7
2009,"Philadelphia Eagles",1,19,1338878.28212974,"WR",21,15,13,214.5
2009,"Kansas City Chiefs",3,67,533701.449449204,"DL",22,15,1,214.5
2015,"Los Angeles Chargers",3,83,600399.941982864,"DB",23,10,2,237
2017,"Kansas City Chiefs",1,10,2986506,"QB",22,1,1,245.1
2011,"New England Patriots",3,74,535919.798090575,"QB",23,0,0,224.9
2006,"New York Jets",1,29,1034084.29277846,"OL",22,16,16,201.6
2005,"New England Patriots",1,32,1030083.99326805,"OL",23,16,16,195.3
2006,"Chicago Bears",2,42,605049.330917993,"DB",24,16,14,201.6
2004,"Los Angeles Chargers",1,1,2244183.09779682,"QB",23,9,7,188.9
2008,"New York Giants",3,95,449280.415340677,"WR",22,7,0,215.3
2003,"Carolina Panthers",3,82,385739.491799266,"DB",23,16,7,184
2015,"Los Angeles Rams",3,89,591454.850305998,"QB",23,1,0,237
2013,"Buffalo Bills",1,16,1615939.03590371,"QB",23,10,10,233
2003,"Jacksonville Jaguars",3,72,401698.800489596,"OL",23,15,14,184
2014,"Cleveland Browns",1,22,1499639.35924113,"QB",22,5,2,236.7
2015,"Tennessee Titans",1,2,4402584.4247246,"QB",22,12,12,237
2009,"Tennessee Titans",2,62,539950.917013464,"DL",22,9,0,214.5
2006,"New England Patriots",1,21,1150093.78310893,"RB",21,14,0,201.6
2015,"Tampa Bay Buccaneers",2,61,686112.766340269,"OL",22,13,13,237
2011,"Philadelphia Eagles",3,90,510833.088559772,"DB",23,7,0,224.9
2006,"Carolina Panthers",2,58,500040.793145655,"DB",22,16,8,201.6
2012,"Tampa Bay Buccaneers",1,31,1234229.08559772,"RB",23,16,16,229.6
2007,"Dallas Cowboys",3,67,447445.868824969,"OL",23,0,0,207.3
2012,"Miami Dolphins",2,42,869960.760603835,"OL",23,16,16,229.6
2014,"Arizona Cardinals",3,84,561850.453880049,"DL",22,11,2,236.7
2014,"San Francisco 49ers",3,70,587770.600758874,"OL",21,8,8,236.7
2012,"Tennessee Titans",3,82,531947.303337413,"DL",22,16,1,229.6
2016,"Houston Texans",2,50,868222.521419829,"OL",23,0,0,240
2009,"Carolina Panthers",2,59,545950.362117503,"DB",25,16,5,214.5
2014,"Dallas Cowboys",1,16,1630394.13892289,"OL",24,16,16,236.7
2014,"Los Angeles Rams",3,75,579334.172386781,"RB",21,12,9,236.7
2009,"Cleveland Browns",2,50,667815.250917993,"WR",23,16,11,214.5
2005,"Carolina Panthers",3,79,410366.479534884,"OL",24,9,0,195.3
2003,"Jacksonville Jaguars",2,39,675055.071073031,"DB",23,16,16,184
2013,"Arizona Cardinals",3,69,570776.858343533,"DB",21,13,11,233
2009,"Green Bay Packers",1,26,1219889.15483476,"LB",23,16,13,214.5
2014,"Atlanta Falcons",1,6,2986971.76707466,"OL",22,15,15,236.7
2014,"Philadelphia Eagles",2,42,899803.615777234,"WR",22,16,10,236.7
2009,"Cincinnati Bengals",2,38,818925.5125459,"LB",22,15,15,214.5
2015,"New York Jets",3,82,603509.960220318,"LB",23,15,1,237
2009,"Buffalo Bills",1,11,1849831.89718482,"DL",21,16,0,214.5
2017,"New York Jets",2,39,1191643,"DB",24,16,16,245.1
2008,"New England Patriots",1,10,1800121.80669115,"LB",22,16,16,215.3
2009,"Denver Broncos",2,48,695936.708506732,"DB",24,13,0,214.5
2007,"Kansas City Chiefs",2,54,569931.057172583,"DL",22,16,1,207.3
2017,"Carolina Panthers",1,8,3134782,"RB",21,16,10,245.1
2006,"Buffalo Bills",1,26,1050085.6244798,"DL",23,5,0,201.6
2007,"Minnesota Vikings",3,72,481441.774785802,"DB",24,16,9,207.3
2012,"Chicago Bears",1,19,1502597.9495716,"LB",23,14,0,229.6
2011,"Carolina Panthers",3,65,550775.429494084,"DL",23,12,12,224.9
2002,"Arizona Cardinals",3,81,386031.519200326,"QB",23,2,0,179.9
2009,"Philadelphia Eagles",2,53,652470.650795594,"RB",21,16,4,214.5
2005,"Philadelphia Eagles",2,63,480039.1449694,"LB",23,4,0,195.3
2014,"New York Jets",3,80,452687.117919217,"DB",23,0,0,236.7
2003,"Philadelphia Eagles",1,15,1185096.70501836,"DL",25,8,0,184
2017,"Seattle Seahawks",2,35,884625,"DL",21,0,0,245.1
2007,"San Francisco 49ers",3,97,433072.620563036,"DL",23,9,0,207.3
2013,"Los Angeles Rams",3,71,567150.90873113,"DB",22,10,10,233
2013,"San Francisco 49ers",2,55,654570.179681762,"TE",23,15,4,233
2005,"Pittsburgh Steelers",2,62,499790.755887393,"DB",24,12,1,195.3
2008,"Oakland Raiders",1,4,2625177.67135863,"RB",21,13,5,215.3
2013,"Cleveland Browns",3,68,572965.451774786,"DB",23,16,2,233
2003,"Buffalo Bills",1,23,1011082.55242758,"RB",21,0,0,184
2002,"New York Jets",2,57,488039.810305998,"DB",23,15,1,179.9
2006,"Washington Redskins",2,35,730059.525091799,"LB",24,16,2,201.6
2008,"Buffalo Bills",1,11,1745118.05895553,"DB",23,16,6,215.3
2009,"New England Patriots",3,97,397713.831640147,"LB",23,0,0,214.5
2015,"Houston Texans",2,43,971849.5875153,"LB",23,14,11,237
2002,"Minnesota Vikings",1,7,1782145.47654019,"OL",23,8,7,179.9
2014,"Minnesota Vikings",3,96,521184.292949816,"RB",22,11,6,236.7
2002,"Miami Dolphins",3,90,350361.584300286,"OL",23,16,2,179.9
2017,"Atlanta Falcons",1,26,1857551,"DL",22,16,0,245.1
2017,"Miami Dolphins",2,54,737098,"LB",21,0,0,245.1
2003,"Philadelphia Eagles",3,95,357029.133251734,"WR",23,5,0,184
2006,"Los Angeles Chargers",2,50,581047.382717258,"OL",23,16,16,201.6
2006,"Oakland Raiders",3,69,473788.631970624,"OL",23,15,6,201.6
2007,"New Orleans Saints",1,27,989880.251407589,"WR",22,0,0,207.3
2007,"Seattle Seahawks",3,85,455194.930587515,"DL",22,16,10,207.3
2017,"Oakland Raiders",2,56,764824,"DB",23,5,1,245.1
2008,"Pittsburgh Steelers",1,23,1190080.54434925,"RB",21,4,1,215.3
2012,"Houston Texans",1,26,1388165.62807018,"LB",22,16,4,229.6
2007,"New England Patriots",1,24,1139862.09742962,"DB",23,16,0,207.3
2008,"Miami Dolphins",2,32,815055.166491228,"DL",23,16,2,215.3
2005,"Los Angeles Chargers",1,12,1518123.87246022,"LB",21,15,10,195.3
2002,"Chicago Bears",3,93,362029.548922889,"OL",24,5,0,179.9
2014,"Indianapolis Colts",2,59,649736.246438188,"OL",23,14,14,236.7
2013,"Seattle Seahawks",2,62,613696.313912689,"RB",23,4,0,233
2016,"Houston Texans",3,85,627307.897184822,"WR",24,10,6,240
2004,"Cincinnati Bengals",3,80,397032.409188087,"LB",24,13,3,188.9
2013,"New York Jets",1,9,2302612.75601795,"DB",22,13,12,233
2005,"Pittsburgh Steelers",1,30,1092089.07392901,"TE",23,16,15,195.3
2015,"Buffalo Bills",3,81,605035.994614443,"OL",22,12,12,237
2005,"New York Jets",2,57,530793.288249694,"DB",21,16,8,195.3
2009,"Tampa Bay Buccaneers",3,81,502454.330416157,"DL",22,15,1,214.5
2011,"Denver Broncos",1,2,3817900.47307222,"LB",22,15,15,224.9
2007,"Oakland Raiders",2,38,526186.350673195,"TE",22,16,16,207.3
2013,"Cleveland Browns",1,6,2972973.05385557,"LB",23,15,3,233
2013,"Arizona Cardinals",2,45,798448.449694002,"LB",23,13,0,233
2003,"Kansas City Chiefs",2,47,605049.392084863,"LB",24,12,6,184
2009,"Oakland Raiders",2,47,709935.437086903,"DB",22,16,0,214.5
2017,"Cincinnati Bengals",2,48,990940,"RB",21,14,7,245.1
2009,"Indianapolis Colts",2,56,594945.907772338,"DL",24,10,1,214.5
2005,"Philadelphia Eagles",3,77,407033.192203182,"RB",23,7,1,195.3
2011,"Seattle Seahawks",3,75,534325.953537332,"OL",25,9,9,224.9
2008,"Houston Texans",3,79,483535.717009384,"DB",23,14,0,215.3
2014,"Indianapolis Colts",3,90,555840.842717258,"WR",21,16,2,236.7
2009,"Jacksonville Jaguars",1,8,2104808.59853121,"OL",22,15,13,214.5
2013,"Houston Texans",3,95,299348.646511628,"DL",23,0,0,233
2015,"Green Bay Packers",3,94,586641.777723378,"WR",22,6,3,237
2013,"New York Giants",3,81,548959.074867401,"DL",21,15,0,233
2003,"Miami Dolphins",2,49,533043.488208894,"LB",23,0,0,184
2011,"Denver Broncos",2,45,808675.792864137,"DB",21,15,7,224.9
2013,"Oakland Raiders",3,66,577861.750469196,"LB",23,15,11,233
2009,"Atlanta Falcons",2,55,584946.794675643,"DB",24,2,0,214.5
2017,"Washington Redskins",3,81,671348,"DB",23,16,0,245.1
2009,"Denver Broncos",1,12,1751840.66585067,"RB",22,16,9,214.5
2005,"Houston Texans",3,73,419034.18995104,"RB",25,12,1,195.3
2008,"Kansas City Chiefs",3,82,476698.277409221,"DB",23,15,0,215.3
2005,"Oakland Raiders",3,78,407633.243684211,"LB",23,16,15,195.3
2002,"Seattle Seahawks",2,54,522542.619184007,"RB",23,11,0,179.9
2015,"Kansas City Chiefs",2,49,849657.386658507,"OL",23,15,15,237
2014,"Washington Redskins",3,66,573706.574357405,"OL",23,8,1,236.7
2007,"Oakland Raiders",3,65,284965.532815177,"DL",24,7,1,207.3
2014,"Baltimore Ravens",1,17,1597705.49228886,"LB",22,16,16,236.7
2007,"Denver Broncos",1,17,1299842.80648715,"DL",23,6,1,207.3
2006,"New York Giants",2,44,635051.770281518,"WR",23,6,0,201.6
2017,"Carolina Panthers",2,64,756028,"OL",23,16,0,245.1
2011,"Los Angeles Chargers",2,61,593285.520987352,"LB",23,0,0,224.9
2009,"Tennessee Titans",3,94,475893.708200734,"DB",23,14,2,214.5
2005,"Green Bay Packers",2,58,525042.806842105,"WR",23,3,0,195.3
2014,"Washington Redskins",2,47,813178.697368421,"LB",24,15,8,236.7
2011,"Dallas Cowboys",3,71,565573.087898817,"RB",23,13,7,224.9
2016,"Cleveland Browns",3,65,672473.253365973,"DL",23,14,3,240
2016,"Atlanta Falcons",1,17,1952401.37086903,"DB",21,14,14,240
2003,"Carolina Panthers",2,50,560045.687148103,"OL",24,15,1,184
2008,"Green Bay Packers",2,36,1725116.76801306,"WR",23,16,2,215.3
2007,"Jacksonville Jaguars",1,21,1149860.87588739,"DB",24,16,15,207.3
2015,"Kansas City Chiefs",3,98,580493.721175031,"DB",22,12,0,237
2011,"Indianapolis Colts",3,87,512230.97373317,"DL",22,5,0,224.9
2003,"Dallas Cowboys",1,5,2039880.45369237,"DB",25,16,16,184
2011,"Carolina Panthers",1,1,4004268.34047328,"QB",22,16,16,224.9
2016,"Jacksonville Jaguars",3,69,664078.8249694,"DL",21,16,15,240
2006,"Baltimore Ravens",1,12,1515123.60734394,"DL",22,16,16,201.6
2009,"New York Giants",1,29,1204890.43268054,"WR",21,14,6,214.5
2014,"Arizona Cardinals",2,52,731457.505703794,"TE",22,7,2,236.7
2014,"Houston Texans",3,83,467427.096168911,"DL",23,0,0,236.7
2017,"Cleveland Browns",1,29,1731835,"TE",21,16,5,245.1
2016,"Arizona Cardinals",1,29,1563827.0746634,"DL",22,5,0,240
2006,"Atlanta Falcons",3,79,437035.652386781,"RB",23,14,0,201.6
2008,"New England Patriots",3,94,452030.598335373,"QB",23,2,0,215.3
2016,"Seattle Seahawks",3,97,611387.084455324,"OL",24,8,0,240
2015,"New York Giants",3,74,620131.144430845,"DL",23,4,0,237
2004,"Tennessee Titans",2,57,458039.386715626,"DL",23,16,8,188.9
2002,"Minnesota Vikings",3,70,401698.776058752,"DB",24,12,6,179.9
2016,"Cleveland Browns",2,32,1201816.00979192,"DL",23,16,16,240
2015,"Cincinnati Bengals",1,21,1695593.72827417,"OL",23,5,0,237
2013,"Los Angeles Rams",1,30,1278528.22807018,"LB",22,16,16,233
2017,"Cleveland Browns",3,65,710391,"DL",23,14,1,245.1
2009,"Baltimore Ravens",1,23,1251886.14871481,"OL",23,16,16,214.5
2007,"Houston Texans",1,10,1629802.83390453,"DL",20,16,14,207.3
2007,"Chicago Bears",1,31,1054872.39596083,"TE",22,14,4,207.3
2004,"Los Angeles Chargers",2,35,690056.331942065,"DL",22,16,16,188.9
2009,"Washington Redskins",1,13,1587855.63463892,"LB",23,16,16,214.5
2015,"Cleveland Browns",2,51,812063.007833537,"LB",22,15,11,237
2012,"Baltimore Ravens",2,60,608405.574051408,"OL",23,16,16,229.6
2012,"Denver Broncos",2,57,639464.927164423,"QB",22,5,0,229.6
2008,"Carolina Panthers",1,19,1278836.58584251,"OL",22,12,12,215.3
2002,"Atlanta Falcons",3,80,388364.677605059,"LB",23,2,0,179.9
2009,"Atlanta Falcons",3,90,482131.142411261,"DB",23,16,6,214.5
2003,"Arizona Cardinals",1,18,1275104.08486332,"DL",23,16,16,184
2011,"Chicago Bears",2,53,670102.497119543,"DL",23,11,0,224.9
2002,"Seattle Seahawks",2,60,468788.271648307,"DL",24,13,1,179.9
2003,"Cincinnati Bengals",1,1,2500204.01142391,"QB",23,0,0,184
2015,"Miami Dolphins",1,14,1977572.47980416,"WR",22,15,4,237
2005,"Buffalo Bills",2,55,581713.472386781,"WR",23,10,1,195.3
2011,"New Orleans Saints",3,88,511203.104573643,"DB",23,9,0,224.9
2013,"Minnesota Vikings",1,29,1313267.56793146,"WR",22,16,6,233
2005,"Philadelphia Eagles",1,31,1090088.98200734,"DL",22,16,7,195.3
2005,"Denver Broncos",3,76,415033.862680539,"DB",23,13,0,195.3
2012,"Los Angeles Rams",2,50,734279.141770706,"RB",23,15,1,229.6
2002,"Jacksonville Jaguars",2,40,650053.023435333,"OL",22,16,11,179.9
2015,"New Orleans Saints",1,13,2071564.49449204,"OL",22,12,8,237
2003,"Houston Texans",3,67,393130.083394533,"LB",24,10,4,184
2017,"Cleveland Browns",1,25,1880361,"DB",22,13,13,245.1
2002,"Carolina Panthers",1,2,2064874.58433293,"DL",22,12,12,179.9
2015,"Baltimore Ravens",1,26,1582799.61689106,"WR",21,0,0,237
2004,"Cincinnati Bengals",1,26,975079.603671971,"RB",23,2,0,188.9
2015,"Los Angeles Chargers",2,48,868457.539779682,"LB",22,14,9,237
2012,"Green Bay Packers",1,28,1363646.95226438,"LB",22,6,5,229.6
2007,"Minnesota Vikings",1,7,2039753.17356181,"RB",22,14,9,207.3
2003,"Green Bay Packers",3,79,390031.834190127,"DL",25,9,0,184
2015,"Kansas City Chiefs",1,18,1742591.18604651,"DB",22,16,16,237
2011,"Arizona Cardinals",1,5,3350510.375153,"DB",21,16,16,224.9
2004,"Dallas Cowboys",3,83,297524.289918401,"OL",22,0,0,188.9
2011,"Los Angeles Rams",3,78,519519.348682171,"WR",23,12,3,224.9
2009,"Detroit Lions",1,20,1334878.65789474,"TE",24,11,11,214.5
2015,"Miami Dolphins",2,52,793263.831334149,"DL",23,15,4,237
2008,"New York Giants",1,31,1170079.16556508,"DB",22,16,3,215.3
2012,"Baltimore Ravens",3,84,529042.989800082,"RB",21,16,0,229.6
2003,"Denver Broncos",2,51,555045.316360669,"LB",22,3,0,184
2007,"Tampa Bay Buccaneers",2,64,484941.33878825,"DB",24,3,0,207.3
2007,"Indianapolis Colts",3,98,430447.936988984,"DL",24,9,1,207.3
2002,"Houston Texans",2,50,550044.895907793,"OL",23,16,16,179.9
2006,"Baltimore Ravens",3,87,439201.811897185,"DB",22,0,0,201.6
2017,"Seattle Seahawks",2,58,801642,"OL",22,16,11,245.1
2012,"Kansas City Chiefs",1,11,2058403.8123215,"DL",22,16,16,229.6
2003,"Pittsburgh Steelers",1,16,1133092.49449204,"DB",22,16,0,184
2006,"Kansas City Chiefs",2,54,540044.073047736,"DB",22,16,0,201.6
2005,"Cincinnati Bengals",1,17,1300106.04418605,"LB",23,14,5,195.3
2008,"Indianapolis Colts",2,59,957564.801468788,"OL",23,13,13,215.3
2007,"Buffalo Bills",2,34,766907.238066096,"LB",23,3,3,207.3
2011,"Minnesota Vikings",1,12,1846866.50436557,"QB",23,11,10,224.9
2005,"Cleveland Browns",2,34,813566.413219094,"DB",21,13,0,195.3
2006,"Arizona Cardinals",3,72,467704.136695226,"TE",23,16,6,201.6
2002,"Denver Broncos",2,51,547544.660240718,"RB",21,16,12,179.9
2008,"New Orleans Saints",2,40,730049.385716034,"DB",22,5,5,215.3
2012,"Houston Texans",3,68,561083.477764178,"WR",23,11,0,229.6
2005,"New York Jets",3,88,383281.254014688,"DL",26,14,0,195.3
2011,"Miami Dolphins",1,15,1683426.50836393,"OL",22,16,16,224.9
2015,"Tennessee Titans",3,66,635570.2875153,"OL",21,11,7,237
2009,"Indianapolis Colts",3,92,479581.384149327,"DB",22,12,12,214.5
2016,"Seattle Seahawks",3,90,623148.651162791,"RB",22,6,2,240
2014,"New York Jets",1,18,1556845.33586291,"DB",22,16,11,236.7
2013,"New York Giants",1,19,1517839.95185639,"OL",23,16,16,233
2012,"Los Angeles Rams",2,33,979487.557731538,"WR",23,15,1,229.6
2007,"Cleveland Browns",1,22,1146861.24235006,"QB",23,1,0,207.3
2009,"Denver Broncos",2,64,542450.677784578,"TE",23,15,0,214.5
2011,"Los Angeles Rams",1,14,1715488.56801306,"DL",21,15,1,224.9
2008,"San Francisco 49ers",2,39,740050.101460628,"OL",22,8,6,215.3
2011,"Jacksonville Jaguars",3,76,529819.346593227,"OL",22,15,14,224.9
2016,"Buffalo Bills",2,41,1062122.69277846,"LB",22,0,0,240
2003,"Houston Texans",3,88,371696.328029376,"QB",24,2,2,184
2009,"Green Bay Packers",1,9,2049813.54651163,"DL",23,14,1,214.5
2017,"New Orleans Saints",1,32,1616646,"OL",23,16,16,245.1
2016,"Jacksonville Jaguars",1,5,4245858.50673195,"DB",22,16,16,240
2002,"Washington Redskins",1,32,964078.668502652,"QB",23,9,5,179.9
2002,"Pittsburgh Steelers",2,62,458787.431738066,"WR",23,16,0,179.9
2015,"Green Bay Packers",1,30,1439238.24479804,"DB",23,15,9,237
2012,"New York Giants",2,63,598597.513569971,"WR",21,16,1,229.6
2016,"New Orleans Saints",1,12,2327694.00244798,"DL",22,9,0,240
2002,"San Francisco 49ers",3,69,404032.984063648,"LB",21,6,0,179.9
2004,"Cincinnati Bengals",2,49,580047.32255814,"DB",23,16,5,188.9
2015,"Denver Broncos",1,23,1657996.30354957,"LB",22,14,0,237
2003,"Detroit Lions",3,66,406199.143206854,"DL",23,9,0,184
2017,"Arizona Cardinals",1,13,2450539,"LB",23,16,3,245.1
2016,"San Francisco 49ers",3,68,668174.051407589,"DB",22,0,0,240
2011,"Houston Texans",2,42,854788.551126071,"LB",24,16,11,224.9
2002,"Baltimore Ravens",1,24,1000081.64226846,"DB",24,16,16,179.9
2016,"Seattle Seahawks",2,49,889070.629130967,"DL",24,15,5,240
2002,"Buffalo Bills",2,36,691056.380456956,"WR",22,16,2,179.9
2013,"Washington Redskins",3,85,542422.345899633,"TE",23,9,4,233
2013,"San Francisco 49ers",1,18,1542365.4120767,"DB",22,16,16,233
2011,"Baltimore Ravens",3,85,515762.637800898,"OL",23,16,0,224.9
2006,"Pittsburgh Steelers",3,95,426067.740514076,"WR",24,1,0,201.6
2012,"Detroit Lions",1,23,1453556.66356589,"TE",24,16,8,229.6
2007,"New York Jets",1,14,1401746.44565483,"DB",22,16,16,207.3
2012,"Los Angeles Chargers",2,49,750625.902994696,"DL",23,16,4,229.6
2013,"Minnesota Vikings",1,25,1419741.81844145,"DB",23,13,6,233
2008,"Baltimore Ravens",2,55,916562.054018768,"RB",21,13,4,215.3
2007,"Minnesota Vikings",2,44,613925.75004896,"WR",21,13,4,207.3
2015,"New England Patriots",2,64,674833.625948592,"DB",22,14,2,237
2002,"Seattle Seahawks",3,85,375696.649543044,"DB",23,7,0,179.9
2014,"Seattle Seahawks",2,45,856818.6350306,"WR",22,15,6,236.7
2013,"New York Jets",1,13,1828486.56017952,"OL",23,16,15,233
2012,"Cleveland Browns",1,3,3725651.37853937,"RB",22,15,15,229.6
2014,"New York Giants",2,43,886728.562729498,"OL",23,16,15,236.7
2011,"New England Patriots",3,73,536950.704455324,"RB",22,16,2,224.9
2017,"Atlanta Falcons",3,75,687438,"LB",23,12,6,245.1
2008,"Washington Redskins",3,96,447867.314740922,"OL",23,0,0,215.3
2017,"New England Patriots",3,83,548724,"LB",23,0,0,245.1
2008,"Cincinnati Bengals",1,9,1904294.94447164,"LB",22,7,7,215.3
2004,"New York Giants",1,4,2580210.61036312,"QB",23,2,0,188.9
2003,"New York Jets",1,4,2175176.53202774,"DL",22,16,16,184
2016,"Detroit Lions",2,46,951619.887392901,"DL",21,16,5,240
2014,"Jacksonville Jaguars",2,61,638295.022141983,"WR",21,10,8,236.7
2009,"Cleveland Browns",2,36,841173.485801714,"WR",22,11,1,214.5
2017,"Jacksonville Jaguars",2,34,1276029,"OL",22,15,15,245.1
2004,"Houston Texans",1,10,1640967.05536516,"DB",22,16,16,188.9
2014,"Los Angeles Rams",1,2,3869563.39130967,"OL",22,16,12,236.7
2012,"Minnesota Vikings",3,66,574311.88504284,"DB",21,16,6,229.6
2007,"Atlanta Falcons",3,75,475292.500660955,"WR",22,15,6,207.3
2014,"Denver Broncos",1,31,1264006.97184823,"DB",22,16,2,236.7
2005,"Tennessee Titans",3,68,428784.998629131,"WR",22,13,6,195.3
2005,"Green Bay Packers",1,24,1150093.81138311,"QB",22,3,0,195.3
2008,"Arizona Cardinals",1,16,1385093.68004896,"DB",22,16,11,215.3
2014,"Green Bay Packers",3,98,546465.494687882,"TE",22,16,5,236.7
2004,"Pittsburgh Steelers",1,11,1502122.62668299,"QB",22,14,13,188.9
2005,"Washington Redskins",1,9,1838149.89473684,"DB",24,12,5,195.3
2003,"Detroit Lions",1,2,2275185.74949,"WR",22,5,5,184
2004,"Dallas Cowboys",2,52,515042.046474908,"OL",23,2,0,188.9
2005,"Arizona Cardinals",1,8,1800146.87331701,"DB",23,5,4,195.3
2015,"Green Bay Packers",2,62,680472.71750306,"DB",23,14,4,237
2005,"Tennessee Titans",2,41,630053.409657283,"OL",23,16,16,195.3
2007,"New York Giants",1,20,1174857.82203182,"DB",25,15,9,207.3
2002,"Dallas Cowboys",3,75,299595.455769074,"DB",22,14,9,179.9
2017,"Cincinnati Bengals",1,9,3084444,"WR",23,3,1,245.1
2005,"Miami Dolphins",2,46,597048.721615667,"DL",23,16,0,195.3
2007,"Green Bay Packers",3,89,447320.905238678,"DB",23,11,3,207.3
2005,"Oakland Raiders",2,38,673454.918298654,"DB",22,15,2,195.3
2015,"Philadelphia Eagles",2,47,887256.725948592,"DB",23,16,5,237
2008,"Denver Broncos",2,42,1390174.00461036,"WR",22,15,15,215.3
2006,"Cincinnati Bengals",3,91,351793.694394125,"DL",22,0,0,201.6
2011,"Minnesota Vikings",2,43,841713.768029376,"TE",22,15,8,224.9
2002,"San Francisco 49ers",1,27,918645.954753162,"DB",23,16,1,179.9
2002,"Washington Redskins",3,87,276355.546589147,"WR",23,0,0,179.9
2007,"Oakland Raiders",1,1,2975960.06340269,"QB",22,4,1,207.3
2016,"Kansas City Chiefs",3,74,653315.241126071,"DB",23,5,0,240
2005,"Tampa Bay Buccaneers",2,36,743060.627148103,"LB",22,16,0,195.3
2006,"Houston Texans",2,33,631301.483867809,"LB",22,16,16,201.6
2013,"New England Patriots",3,83,545958.289636883,"DB",22,16,7,233
2008,"Atlanta Falcons",1,3,2800189.51611587,"QB",23,16,16,215.3
2015,"Denver Broncos",2,59,637328.274418605,"OL",23,3,3,237
2017,"Carolina Panthers",2,40,1132100,"WR",21,9,4,245.1
2009,"New York Jets",1,5,2544768.57711138,"QB",23,15,15,214.5
2004,"Green Bay Packers",3,87,375936.672211342,"PK",24,0,0,188.9
2004,"Indianapolis Colts",2,44,555711.376405549,"DB",23,6,4,188.9
2014,"Tennessee Titans",2,54,698768.810783354,"RB",22,16,9,236.7
2012,"Cincinnati Bengals",3,83,530870.197372501,"WR",23,9,3,229.6
2007,"Miami Dolphins",2,60,489940.728017136,"OL",23,16,16,207.3
2004,"Atlanta Falcons",3,90,378363.871509588,"QB",23,6,1,188.9
2015,"Washington Redskins",1,5,3857425.92411261,"OL",24,16,16,237
2006,"Denver Broncos",2,61,523042.654002448,"TE",23,13,5,201.6
2006,"New York Jets",3,76,458537.390452876,"LB",25,4,0,201.6
2002,"Cincinnati Bengals",3,67,400032.62754794,"TE",24,16,10,179.9
2014,"Denver Broncos",3,95,550261.231725826,"OL",23,0,0,236.7
2012,"Cleveland Browns",2,37,940254.341574867,"OL",23,16,16,229.6
2004,"Oakland Raiders",3,67,388365.706474908,"DB",23,16,3,188.9
2003,"Atlanta Falcons",2,55,475038.775683395,"DB",22,15,6,184
2004,"Minnesota Vikings",3,88,380031.023835169,"DL",23,12,0,188.9
2004,"New England Patriots",3,95,230018.767037944,"DB",22,0,0,188.9
2007,"Tampa Bay Buccaneers",2,35,784905.064663403,"OL",23,16,16,207.3
2014,"Tampa Bay Buccaneers",2,38,955372.711946144,"TE",22,9,9,236.7
2003,"Carolina Panthers",3,76,395890.293594451,"TE",22,12,5,184
2016,"Philadelphia Eagles",3,79,640999.637698898,"OL",23,9,4,240
2017,"Chicago Bears",2,45,1074643,"TE",24,13,7,245.1
2009,"Oakland Raiders",3,71,523014.457343941,"DL",23,16,2,214.5
2014,"Pittsburgh Steelers",1,15,1728462.3,"LB",22,9,5,236.7
2015,"Cleveland Browns",1,12,2127960.05140759,"DL",22,16,15,237
2005,"Carolina Panthers",2,54,570046.516523868,"RB",22,0,0,195.3
2011,"Buffalo Bills",3,68,577654.989339045,"LB",23,16,9,224.9
2002,"Philadelphia Eagles",1,26,1005081.99616483,"DB",21,12,0,179.9
2016,"New York Giants",2,40,1080887.6376989,"WR",22,16,16,240
2011,"Green Bay Packers",1,32,1200253.8625459,"OL",22,5,0,224.9
2003,"New York Giants",3,91,367696.005875153,"TE",23,16,7,184
2002,"New York Giants",1,14,1194097.44328845,"TE",22,15,14,179.9
2013,"Carolina Panthers",2,44,842103.095838433,"DL",24,16,0,233
2004,"Kansas City Chiefs",2,36,690056.331942065,"DL",26,12,0,188.9
2012,"Carolina Panthers",2,40,897751.746944104,"OL",24,15,15,229.6
2003,"Tampa Bay Buccaneers",3,97,359195.318482252,"QB",23,0,0,184
2016,"Denver Broncos",3,98,611387.084455324,"DB",23,13,3,240
2002,"Pittsburgh Steelers",1,30,935740.418278254,"OL",23,14,14,179.9
2008,"Cincinnati Bengals",2,46,1091823.89624643,"WR",22,6,1,215.3
2014,"Tampa Bay Buccaneers",3,69,535926.260599755,"RB",24,8,0,236.7
2006,"Detroit Lions",1,9,1760143.60832313,"LB",22,16,16,201.6
2008,"Cincinnati Bengals",3,77,487082.984349245,"DL",23,11,6,215.3
2002,"Kansas City Chiefs",1,6,1768715.36536108,"DL",22,6,2,179.9
2009,"New York Giants",2,45,711935.266707466,"LB",23,11,0,214.5
2008,"Houston Texans",3,89,461127.185842513,"RB",22,16,15,215.3
2013,"Detroit Lions",2,36,961947.011831905,"DB",22,13,4,233
2004,"San Francisco 49ers",2,46,640052.220652795,"OL",23,16,9,188.9
2005,"Tampa Bay Buccaneers",3,71,423034.509253366,"TE",23,16,10,195.3
2005,"San Francisco 49ers",1,1,2700220.3498164,"QB",21,9,7,195.3
2011,"San Francisco 49ers",1,7,2615033.05414117,"LB",22,16,0,224.9
2009,"Denver Broncos",2,37,847422.953365973,"DB",24,15,0,214.5
2006,"Pittsburgh Steelers",3,83,448869.62996328,"DB",23,16,4,201.6
2009,"Cincinnati Bengals",1,6,2374784.10954712,"OL",22,6,1,214.5
2008,"Philadelphia Eagles",3,80,480276.508947369,"LB",24,0,0,215.3
2015,"Indianapolis Colts",3,65,582157.720318237,"DB",23,4,0,237
2004,"Jacksonville Jaguars",2,39,547377.680269278,"LB",22,15,13,188.9
2015,"New York Jets",2,37,1067722.61444308,"WR",23,10,3,237
2015,"Tampa Bay Buccaneers",2,34,1103439.89718482,"OL",22,16,16,237
2006,"New York Jets",3,97,418159.098359853,"DB",23,15,0,201.6
2013,"New York Jets",2,39,912897.935618115,"QB",23,16,16,233
2012,"Minnesota Vikings",1,29,1298057.88559772,"DB",23,16,16,229.6
2016,"Dallas Cowboys",2,34,1180964.89596083,"LB",21,0,0,240
2009,"Los Angeles Rams",1,2,2929733.50367197,"OL",23,8,5,214.5
2011,"Baltimore Ravens",1,27,1356547.52570379,"DB",23,12,3,224.9
2017,"Tennessee Titans",3,100,641572,"TE",22,16,13,245.1
2017,"Pittsburgh Steelers",2,62,735516,"WR",21,14,7,245.1
2008,"Detroit Lions",3,64,511664.604912281,"RB",22,16,12,215.3
2004,"Detroit Lions",3,73,408699.330987352,"DB",24,15,2,188.9
2003,"Philadelphia Eagles",2,61,479039.090330477,"TE",23,15,5,184
2014,"Philadelphia Eagles",1,26,1417916.14920441,"LB",22,8,0,236.7
2003,"Baltimore Ravens",3,77,393365.101917585,"RB",21,11,0,184
2015,"Washington Redskins",2,38,1050801.43329253,"LB",23,16,1,237
2002,"Minnesota Vikings",2,38,680055.491787026,"LB",23,0,0,179.9
2008,"San Francisco 49ers",3,75,491033.225475316,"DB",22,3,0,215.3
2009,"Miami Dolphins",2,61,546200.323317013,"DB",22,16,16,214.5
2007,"New York Giants",2,51,559932.27871481,"WR",22,5,0,207.3
2011,"Baltimore Ravens",2,58,616167.448922888,"WR",22,16,14,224.9
2011,"Dallas Cowboys",1,9,2271809.59473684,"OL",21,16,16,224.9
2003,"Miami Dolphins",3,78,378155.869114647,"OL",22,16,16,184
2004,"New Orleans Saints",1,18,1130092.20762954,"DL",23,16,4,188.9
2017,"Jacksonville Jaguars",3,68,706040,"DL",22,16,0,245.1
2004,"New York Giants",2,34,709223.88623419,"OL",22,11,11,188.9
2005,"San Francisco 49ers",3,94,381864.137772338,"OL",23,16,8,195.3
2011,"New England Patriots",1,17,1552674.45650755,"OL",23,16,13,224.9
2014,"Atlanta Falcons",3,68,592666.234700122,"DB",24,16,0,236.7
2007,"Pittsburgh Steelers",3,77,473005.78121175,"TE",24,14,5,207.3
2005,"Dallas Cowboys",1,20,1230100.35679315,"DL",22,16,10,195.3
2007,"Dallas Cowboys",1,26,1039874.22827417,"LB",23,16,6,207.3
2006,"Houston Texans",3,65,427534.86374541,"OL",24,2,2,201.6
2005,"Seattle Seahawks",1,26,1140093.03304774,"OL",23,7,0,195.3
2016,"Tampa Bay Buccaneers",2,39,1097566.60954712,"DL",22,16,3,240
2012,"Pittsburgh Steelers",3,86,526401.737348021,"LB",22,0,0,229.6
2004,"San Francisco 49ers",2,58,458837.452607099,"DB",22,16,12,188.9
2006,"Green Bay Packers",3,75,460599.558580171,"OL",24,14,13,201.6
2016,"Green Bay Packers",2,48,909918.727050184,"OL",22,16,2,240
2009,"Detroit Lions",1,1,3099718.23378213,"QB",21,10,10,214.5
2002,"New Orleans Saints",1,13,1208431.67858017,"WR",22,13,7,179.9
2007,"San Francisco 49ers",1,28,1019876.58678091,"OL",23,16,16,207.3
2007,"Detroit Lions",2,43,627924.048347613,"QB",23,0,0,207.3
2016,"Baltimore Ravens",1,6,3724618.35985312,"OL",22,12,12,240
2004,"Pittsburgh Steelers",3,75,406699.202913097,"OL",22,10,0,188.9
2004,"Tennessee Titans",3,71,410366.514141167,"DL",21,14,8,188.9
2005,"Jacksonville Jaguars",3,87,384531.365250918,"DB",22,16,0,195.3
2003,"Cincinnati Bengals",2,33,665054.291962464,"OL",23,15,15,184
2012,"Kansas City Chiefs",3,74,549434.214508364,"OL",24,16,7,229.6
2008,"Tennessee Titans",3,85,469281.750203998,"TE",24,16,2,215.3
2002,"Seattle Seahawks",1,28,920908.173398613,"TE",23,12,1,179.9
2017,"New York Jets",3,79,676581,"WR",24,15,2,245.1
2008,"Carolina Panthers",1,13,1495101.1755202,"RB",21,16,0,215.3
2012,"Cincinnati Bengals",2,53,735243.236948185,"DL",23,8,0,229.6
2003,"New Orleans Saints",2,37,686306.021705426,"OL",24,6,0,184
2006,"Tampa Bay Buccaneers",3,90,435035.485924113,"WR",21,9,2,201.6
2004,"New York Jets",3,76,398719.530501836,"DB",24,5,1,188.9
2003,"Indianapolis Colts",3,90,368696.099551204,"DB",23,11,8,184
2015,"Houston Texans",3,70,628001.168910649,"WR",21,10,1,237
2014,"Houston Texans",2,33,1009310.91517748,"OL",23,13,1,236.7
2003,"Baltimore Ravens",1,10,1500122.42186862,"LB",21,16,1,184
2003,"New Orleans Saints",1,6,1906297.65483476,"DL",22,14,12,184
2017,"Pittsburgh Steelers",3,94,573320,"DB",22,5,1,245.1
2014,"Chicago Bears",3,82,566477.074553244,"DL",23,15,5,236.7
2014,"Detroit Lions",3,76,574827.543451652,"OL",23,16,5,236.7
2013,"Houston Texans",2,57,634950.961770706,"DB",22,16,10,233
2008,"Pittsburgh Steelers",2,53,678378.922945736,"WR",24,11,0,215.3
2017,"Detroit Lions",2,53,876905,"DB",22,10,1,245.1
2008,"Tampa Bay Buccaneers",1,20,1245084.29208486,"DB",22,15,2,215.3
2017,"Miami Dolphins",3,97,641572,"DB",24,11,11,245.1
2012,"Miami Dolphins",1,8,2303612.11587107,"QB",24,16,16,229.6
2006,"Seattle Seahawks",2,63,525042.820465116,"DL",22,16,0,201.6
2015,"San Francisco 49ers",2,46,915830.039657283,"DB",23,15,8,237
2009,"New England Patriots",3,83,498704.676132191,"WR",22,2,1,214.5
2005,"Seattle Seahawks",2,45,630051.417613219,"LB",23,16,16,195.3
2012,"Los Angeles Chargers",3,73,551028.346699307,"DB",22,4,1,229.6
2013,"Miami Dolphins",2,54,659475.499877601,"DB",23,9,0,233
2011,"Cleveland Browns",1,21,1471364.98588331,"DL",23,16,16,224.9
2004,"Washington Redskins",1,5,2160176.31599347,"DB",21,15,13,188.9
2017,"Tennessee Titans",3,72,694003,"WR",22,16,4,245.1
2013,"Los Angeles Chargers",2,38,940690.329620563,"LB",22,13,13,233
2005,"Baltimore Ravens",2,64,470038.334761322,"OL",23,7,0,195.3
2012,"Cincinnati Bengals",3,93,520356.063027336,"DL",23,3,0,229.6
2014,"San Francisco 49ers",3,100,546465.494687882,"OL",23,0,0,236.7
2002,"New York Jets",1,22,1040084.84043248,"DL",23,15,0,179.9
2003,"Cleveland Browns",2,52,535043.668053856,"LB",23,16,0,184
2006,"New England Patriots",3,86,435222.510844553,"TE",23,15,3,201.6
2011,"Miami Dolphins",2,62,588380.975928193,"RB",24,13,2,224.9
2013,"Miami Dolphins",3,77,556742.13994288,"OL",24,6,0,233
2016,"New York Giants",3,71,659318.609547124,"DB",23,2,1,240
2008,"Washington Redskins",2,34,839556.798404733,"WR",22,16,1,215.3
2004,"Minnesota Vikings",2,48,591298.232762138,"LB",24,16,5,188.9
2004,"Green Bay Packers",3,70,410033.469028968,"DB",24,14,0,188.9
2007,"Cleveland Browns",1,3,2699673.39755202,"OL",23,16,16,207.3
2002,"Cincinnati Bengals",2,41,625050.982378621,"DB",24,13,0,179.9
2016,"New Orleans Saints",2,47,930770.810281518,"WR",23,15,12,240
2002,"Los Angeles Rams",1,31,967078.910199918,"LB",22,16,10,179.9
2015,"Carolina Panthers",1,25,1601601.81028152,"LB",21,14,10,237
2017,"San Francisco 49ers",1,3,5118975,"DL",22,14,12,245.1
2008,"New York Giants",2,63,806474.569898001,"LB",23,12,2,215.3
2013,"Indianapolis Colts",3,86,541489.0625459,"OL",22,14,12,233
2014,"Green Bay Packers",3,85,443781.75121175,"DL",24,0,0,236.7
2016,"New England Patriots",3,78,643390.756425949,"OL",24,16,16,240
2005,"Cincinnati Bengals",2,48,630051.417613219,"LB",22,16,15,195.3
2003,"Chicago Bears",2,35,710057.951856385,"DB",22,16,13,184
2007,"Pittsburgh Steelers",1,15,1398830.79779682,"LB",21,16,0,207.3
2003,"Los Angeles Rams",2,43,629801.415911873,"LB",22,16,15,184
2017,"New York Giants",2,55,831291,"DL",23,16,16,245.1
2015,"Detroit Lions",1,28,1554604.35250918,"OL",23,16,14,237
2016,"Minnesota Vikings",1,23,1806453.75764994,"WR",21,9,1,240
2002,"Indianapolis Colts",2,42,625050.982378621,"DL",23,13,10,179.9
2004,"Tennessee Titans",2,40,675057.101619747,"TE",22,14,7,188.9
2017,"Chicago Bears",1,2,5278622,"QB",23,12,12,245.1
2006,"Tampa Bay Buccaneers",2,59,582547.505507956,"OL",23,15,13,201.6
2013,"Atlanta Falcons",1,22,1485140.19379845,"DB",23,16,16,233
2003,"Seattle Seahawks",1,11,1383445.85230518,"DB",23,16,16,184
2004,"Seattle Seahawks",1,23,1110090.61860465,"DL",23,11,3,188.9
2005,"New York Giants",3,74,414283.786376989,"DL",22,14,1,195.3
2016,"Los Angeles Chargers",3,66,672290.271725826,"OL",22,0,0,240
2014,"Pittsburgh Steelers",2,46,838021.999277846,"DL",21,16,4,236.7
2016,"Miami Dolphins",1,13,2265145.94859241,"OL",22,14,14,240
2014,"Miami Dolphins",3,67,594208.145434516,"OL",23,2,0,236.7
2009,"Miami Dolphins",3,87,488530.58494492,"WR",22,2,0,214.5
2014,"Carolina Panthers",3,92,554910.904332925,"OL",21,13,9,236.7
2007,"Kansas City Chiefs",3,82,459944.341897185,"DL",22,15,1,207.3
2004,"Minnesota Vikings",1,20,1100089.78555692,"DL",21,16,15,188.9
2007,"Indianapolis Colts",2,42,649921.394785802,"OL",24,11,11,207.3
2003,"New York Giants",2,56,516292.14622603,"DL",22,13,1,184
2009,"Seattle Seahawks",2,49,672438.850489596,"OL",23,16,16,214.5
2012,"Baltimore Ravens",2,35,963139.775438596,"LB",23,16,9,229.6
2009,"Pittsburgh Steelers",3,79,507619.859730722,"OL",23,0,0,214.5
2013,"New Orleans Saints",1,15,1714040.11627907,"DB",23,14,14,233
2016,"New England Patriots",3,96,611387.084455324,"DL",22,13,2,240
2003,"Los Angeles Chargers",3,80,386781.572909017,"OL",23,8,7,184
2011,"Oakland Raiders",3,81,522796.043500612,"DB",22,14,4,224.9
2014,"Detroit Lions",2,40,927588.651554468,"LB",24,8,0,236.7
2017,"Oakland Raiders",3,88,655303,"DL",23,16,13,245.1
2016,"Seattle Seahawks",3,94,614252.200734394,"TE",23,9,2,240
2009,"Los Angeles Chargers",3,78,508578.756119951,"OL",22,14,14,214.5
2009,"Cleveland Browns",2,52,645849.295716034,"DL",24,10,0,214.5
2012,"Miami Dolphins",3,72,549579.24376989,"DL",22,16,0,229.6
2014,"Los Angeles Chargers",1,25,1434262.93512852,"DB",23,6,4,236.7
2016,"Cincinnati Bengals",3,87,623939.720930233,"LB",23,16,0,240
2004,"New York Jets",1,12,1450118.40273358,"LB",22,16,14,188.9
2009,"New England Patriots",2,58,559949.090697674,"OL",25,14,8,214.5
2007,"Los Angeles Rams",3,84,457069.697319462,"DB",23,16,1,207.3
2012,"Seattle Seahawks",2,47,783320.427776418,"LB",22,16,15,229.6
2015,"Oakland Raiders",3,68,633632.273439412,"TE",24,16,2,237
2017,"Denver Broncos",2,51,922520,"DL",23,10,0,245.1
2002,"Green Bay Packers",1,20,1045085.26772746,"WR",24,15,2,179.9
2002,"Oakland Raiders",2,53,477038.914296206,"OL",23,12,2,179.9
2007,"Jacksonville Jaguars",3,79,374582.684516524,"WR",22,0,0,207.3
2009,"Pittsburgh Steelers",3,84,495120.985862913,"WR",23,16,4,214.5
2005,"Oakland Raiders",3,69,427034.836523868,"QB",23,0,0,195.3
2003,"Houston Texans",3,75,396698.392166463,"TE",24,16,2,184
2014,"San Francisco 49ers",1,30,1293096.92864137,"DB",23,8,0,236.7
2016,"Oakland Raiders",2,44,1007288.8127295,"DL",22,16,13,240
2005,"Dallas Cowboys",1,11,1680136.9755202,"LB",23,16,16,195.3
2004,"Philadelphia Eagles",3,89,375030.61501836,"DB",22,12,0,188.9
2013,"Detroit Lions",3,65,579404.208567931,"OL",22,16,16,233
2013,"Tennessee Titans",1,10,2212706.69726642,"OL",22,16,16,233
2003,"New England Patriots",1,13,1265103.22317421,"DL",22,16,4,184
2016,"Buffalo Bills",3,80,638607.47123623,"DL",22,15,11,240
2005,"Oakland Raiders",1,23,1164995.01811506,"DB",22,16,11,195.3
2003,"Cincinnati Bengals",3,65,404032.957976336,"WR",24,16,3,184
2007,"Los Angeles Chargers",3,96,434447.431456548,"LB",23,0,0,207.3
2011,"Philadelphia Eagles",1,23,1442767.54239086,"OL",27,12,12,224.9
2014,"Buffalo Bills",1,4,3624399.74871481,"WR",21,16,16,236.7
2004,"New England Patriots",1,32,950077.521052632,"TE",24,1,1,188.9
2004,"New Orleans Saints",2,60,440435.941379029,"LB",24,12,8,188.9
2017,"Houston Texans",1,12,2457014,"QB",22,7,6,245.1
2013,"Oakland Raiders",2,42,872023.062178703,"OL",25,5,3,233
2014,"Los Angeles Chargers",3,89,555995.842105263,"OL",24,12,5,236.7
2004,"Denver Broncos",2,54,555878.372945737,"WR",23,16,2,188.9
2011,"Houston Texans",1,11,2042994.44451244,"DL",22,16,16,224.9
2017,"Pittsburgh Steelers",1,30,1683376,"LB",23,15,15,245.1
2015,"Minnesota Vikings",1,11,2353543.24602203,"DB",23,15,1,237
2002,"Houston Texans",3,66,368230.03619747,"OL",25,16,12,179.9
2002,"Baltimore Ravens",2,52,540044.055997552,"DL",22,16,16,179.9
2017,"New York Giants",3,87,656605,"QB",22,0,0,245.1
2009,"Baltimore Ravens",3,88,486461.784516524,"DB",24,14,4,214.5
2005,"New York Giants",2,43,640052.227821297,"DB",23,15,2,195.3
2013,"Denver Broncos",3,90,540093.714810282,"DB",22,14,2,233
2007,"Los Angeles Chargers",2,37,737410.807784578,"DB",22,15,0,207.3
2012,"Cleveland Browns",1,22,1469903.32174623,"QB",29,15,15,229.6
2009,"Arizona Cardinals",1,31,1189891.79804162,"RB",21,16,0,214.5
2016,"Philadelphia Eagles",1,2,4850497.42962056,"QB",24,16,16,240
2013,"Indianapolis Colts",1,24,1436090.22399021,"LB",23,13,1,233
2002,"Philadelphia Eagles",3,91,366029.86873929,"RB",23,15,3,179.9
2014,"Cleveland Browns",3,94,551811.158004896,"RB",23,14,6,236.7
2004,"Carolina Panthers",3,94,367780.007205222,"OL",23,11,11,188.9
2013,"Pittsburgh Steelers",3,79,552991.125132599,"WR",22,12,1,233
2008,"New England Patriots",2,62,835956.54495308,"DB",23,6,1,215.3
2008,"Indianapolis Colts",3,93,456030.856523868,"LB",24,16,0,215.3
2006,"Cincinnati Bengals",2,55,550044.856009792,"OL",25,16,12,201.6
2006,"Los Angeles Chargers",3,81,452036.847392901,"QB",24,2,0,201.6
2016,"Chicago Bears",2,56,768143.265605875,"OL",24,16,16,240
2003,"Tampa Bay Buccaneers",2,64,461887.670338637,"DL",24,12,1,184
2006,"Buffalo Bills",1,8,1923156.90771114,"DB",21,15,14,201.6
2015,"Chicago Bears",1,7,3011492.86046512,"WR",23,0,0,237
2006,"Tennessee Titans",2,45,600048.96,"RB",22,13,0,201.6
2009,"Miami Dolphins",2,44,726108.973378213,"QB",23,13,0,214.5
2005,"Atlanta Falcons",1,27,1075087.69498164,"WR",24,16,8,195.3
2003,"Miami Dolphins",3,87,359851.374949,"OL",23,0,0,184
2017,"Buffalo Bills",1,27,1834747,"DB",22,16,16,245.1
2013,"Dallas Cowboys",3,80,551663.804651163,"DB",22,13,5,233
2004,"New England Patriots",1,21,1150093.87372501,"DL",23,16,6,188.9
2006,"New York Giants",3,96,420909.322105263,"LB",23,16,2,201.6
2011,"New York Jets",1,30,1249885.28270094,"DL",22,16,16,224.9
2011,"Buffalo Bills",2,34,901813.214198287,"DB",21,9,6,224.9
2003,"San Francisco 49ers",3,89,369030.122235822,"DL",24,2,0,184
2006,"San Francisco 49ers",3,84,443786.192607099,"WR",22,13,0,201.6
2013,"Baltimore Ravens",3,94,533892.08376173,"DL",24,7,0,233
2013,"Houston Texans",3,89,423837.789677683,"OL",22,0,0,233
2016,"Arizona Cardinals",3,92,618205.444308446,"DB",24,13,3,240
2005,"Tampa Bay Buccaneers",1,5,2327189.78004896,"RB",23,14,14,195.3
2017,"Arizona Cardinals",3,98,641572,"WR",23,6,1,245.1
2008,"Chicago Bears",1,14,1521102.93280294,"OL",23,9,0,215.3
2004,"Denver Broncos",1,17,1200097.9618931,"LB",22,16,14,188.9
2005,"Denver Broncos",2,56,560711.750232558,"DB",23,12,9,195.3
2006,"Carolina Panthers",1,27,980079.921664627,"RB",23,13,2,201.6
2009,"Detroit Lions",3,82,500287.504100367,"WR",23,11,0,214.5
2009,"Dallas Cowboys",3,69,485755.807343941,"LB",23,5,0,214.5
2006,"Atlanta Falcons",2,37,665054.217870257,"DB",22,13,5,201.6
2017,"Cincinnati Bengals",3,73,691100,"DL",22,16,1,245.1
2003,"Minnesota Vikings",1,9,1349538.12811098,"DL",23,16,16,184
2015,"New York Jets",1,6,3387463.43329253,"DL",21,16,15,237
2015,"Baltimore Ravens",2,55,736868.274418605,"TE",21,14,7,237
2017,"New Orleans Saints",2,42,1134625,"DB",21,15,15,245.1
2004,"Cincinnati Bengals",2,56,530043.25751122,"DB",23,16,13,188.9
2006,"Houston Texans",1,1,2900236.68249694,"DL",21,16,16,201.6
2005,"Detroit Lions",1,10,1695138.2625459,"WR",21,14,4,195.3
2017,"Los Angeles Chargers",1,7,3590896,"WR",23,10,1,245.1
2002,"Buffalo Bills",1,4,2175177.43247654,"OL",22,14,14,179.9
2015,"New Orleans Saints",3,78,494658.877111383,"DB",22,0,0,237
2007,"Tennessee Titans",3,80,466693.534271726,"WR",23,0,0,207.3
2007,"San Francisco 49ers",1,11,1649800.4753978,"LB",22,16,16,207.3
2004,"Jacksonville Jaguars",1,9,1709472.55365157,"WR",21,16,15,188.9
2002,"Dallas Cowboys",1,8,1571556.26874745,"DB",22,16,16,179.9
2004,"Detroit Lions",1,7,2060168.21672787,"WR",23,14,12,188.9
2002,"Chicago Bears",3,72,399032.571448388,"DB",24,13,2,179.9
2011,"Arizona Cardinals",2,38,910358.450734394,"RB",21,0,0,224.9
2003,"Oakland Raiders",3,83,370430.226356589,"DL",23,1,0,184
2013,"Cincinnati Bengals",3,84,544130.812933497,"DB",22,16,0,233
2013,"Denver Broncos",1,28,1378866.90697674,"DL",25,13,4,233
2002,"Tennessee Titans",2,45,600048.985361077,"DB",22,16,16,179.9
2013,"Dallas Cowboys",3,74,560017.011505508,"WR",24,16,8,233
2017,"Baltimore Ravens",3,78,679170,"LB",24,8,0,245.1
2005,"Minnesota Vikings",1,7,2100171.25924113,"WR",22,14,3,195.3
2012,"New York Giants",1,32,1215494.999592,"RB",21,16,2,229.6
2003,"New England Patriots",2,36,693181.570950632,"DB",23,16,15,184
2007,"Seattle Seahawks",2,55,504938.895703794,"DB",22,12,0,207.3
2004,"Kansas City Chiefs",2,61,484039.487148103,"TE",23,3,0,188.9
2011,"New Orleans Saints",3,72,539031.557066504,"LB",23,13,1,224.9
2017,"Indianapolis Colts",2,46,1048414,"DB",21,7,5,245.1
2012,"Seattle Seahawks",3,75,544926.700938392,"QB",24,16,16,229.6
2005,"Detroit Lions",3,72,419384.192093023,"DB",23,9,0,195.3
2012,"New England Patriots",2,48,766973.657184823,"DB",22,16,4,229.6
2006,"Cleveland Browns",3,78,456037.180318238,"WR",22,4,1,201.6
2006,"Cleveland Browns",1,13,1365111.32827417,"LB",23,16,15,201.6
2006,"Houston Texans",3,66,427034.820073439,"OL",23,12,7,201.6
2015,"Tampa Bay Buccaneers",1,1,4609368.61689106,"QB",21,16,16,237
2004,"Cleveland Browns",1,6,1950159.20734394,"TE",21,2,2,188.9
2013,"New York Jets",3,72,566119.653202774,"OL",22,16,12,233
2002,"Buffalo Bills",3,97,345028.162178703,"DB",24,16,15,179.9
2011,"Oakland Raiders",2,48,751822.017976336,"OL",22,16,16,224.9
2017,"San Francisco 49ers",3,66,708393,"DB",22,12,9,245.1
2002,"Carolina Panthers",3,73,398365.510175439,"LB",22,15,8,179.9
2003,"Dallas Cowboys",3,69,392532.042105263,"TE",21,15,7,184
2012,"Denver Broncos",2,36,946793.023582211,"DL",22,16,16,229.6
2007,"Chicago Bears",3,93,440571.704406365,"RB",23,13,0,207.3
2009,"Buffalo Bills",1,28,1234887.70195838,"OL",23,10,10,214.5
2007,"Pittsburgh Steelers",2,46,634923.176352509,"DL",23,13,0,207.3
2004,"San Francisco 49ers",1,31,886738.372256222,"WR",24,14,0,188.9
2013,"Buffalo Bills",2,41,885103.52627499,"WR",21,14,14,233
2003,"Tennessee Titans",1,28,950079.533251734,"DB",23,6,2,184
2016,"Carolina Panthers",3,77,645954.898408813,"DB",21,16,11,240
2017,"Baltimore Ravens",3,74,689660,"DL",24,7,2,245.1
2012,"Green Bay Packers",2,51,717932.371179111,"DL",22,14,4,229.6
2013,"Tennessee Titans",3,70,569232.498980008,"DB",24,13,0,233
2007,"Cleveland Browns",2,53,574930.446401469,"DB",22,14,13,207.3
2012,"Tennessee Titans",1,20,1494425.08886169,"WR",23,15,5,229.6
2011,"Los Angeles Chargers",3,89,510988.105312118,"DB",24,7,0,224.9
2006,"Los Angeles Rams",3,68,476288.842105263,"DL",23,15,0,201.6
2007,"Baltimore Ravens",3,86,452511.279424725,"OL",23,16,12,207.3
2015,"Jacksonville Jaguars",2,36,1075241.63525092,"RB",22,12,12,237
2006,"Buffalo Bills",3,70,471288.4300612,"LB",22,3,1,201.6
2011,"Detroit Lions",2,44,829254.867756018,"WR",22,16,9,224.9
2007,"New Orleans Saints",3,66,491940.458335373,"DB",22,14,0,207.3
2006,"Tennessee Titans",1,3,2640219.31946144,"QB",23,15,13,201.6
2008,"Baltimore Ravens",3,86,467031.632423501,"DB",23,16,0,215.3
2012,"Cincinnati Bengals",1,27,1371820.7497348,"OL",22,16,16,229.6
2008,"Tampa Bay Buccaneers",3,83,473532.023431253,"OL",22,12,5,215.3
2005,"Tampa Bay Buccaneers",3,91,385031.416119951,"OL",24,0,0,195.3
2007,"Chicago Bears",2,62,475942.429718482,"DL",24,0,0,207.3
2005,"Seattle Seahawks",3,85,388781.70998776,"QB",23,0,0,195.3
2004,"Green Bay Packers",3,72,312525.500954712,"DL",23,0,0,188.9
2004,"Los Angeles Chargers",3,65,417700.065316198,"PK",22,16,0,188.9
2007,"Cincinnati Bengals",2,49,604926.840979192,"RB",23,0,0,207.3
2002,"Tampa Bay Buccaneers",3,86,372363.390999592,"WR",23,0,0,179.9
2007,"Chicago Bears",3,94,344333.360257038,"LB",22,0,0,207.3
2005,"New York Jets",2,47,630051.417613219,"PK",23,16,0,195.3
2005,"Indianapolis Colts",3,92,384731.390379437,"DL",24,0,0,195.3
